"iso3","n_papers","countryName","pm25Avg","n_surveys","population2015","categoryPollution","isChina","isIndia","Economy","Region","Income.group","Lending.category","continent","region_un"
"ABW",0,"Aruba",10.1,0,104256.999957,"low",0,0,"Aruba","Latin America & Caribbean","High income","","North America","Americas"
"AFG",0,"Afghanistan",32.6,0,33760563.728,"high",0,0,"Afghanistan","South Asia","Low income","IDA","Asia","Asia"
"AGO",0,"Angola",19.7,2,28131377.368,"medium",0,0,"Angola","Sub-Saharan Africa","Lower middle income","IBRD","Africa","Africa"
"AIA",0,"Anguilla",7,0,14524.999998,"very low",0,0,NA,NA,NA,NA,"North America","Americas"
"ALA",0,"Aland",5.3,0,31811.09158,"very low",0,0,NA,NA,NA,NA,"Europe","Europe"
"ALB",0,"Albania",16,4,2882256.2209,"medium",0,0,"Albania","Europe & Central Asia","Upper middle income","IBRD","Europe","Europe"
"AND",0,"Andorra",6.3,1,71599.20824,"very low",0,0,"Andorra","Europe & Central Asia","High income","","Europe","Europe"
"ARE",1,"United Arab Emirates",46,0,8865812.0958,"very high",0,0,"United Arab Emirates","Middle East & North Africa","High income","","Asia","Asia"
"ARG",0,"Argentina",13.9,2,43243256.584,"low",0,0,"Argentina","Latin America & Caribbean","Upper middle income","IBRD","South America","Americas"
"ARM",0,"Armenia",28.8,1,2881787.387,"high",0,0,"Armenia","Europe & Central Asia","Upper middle income","IBRD","Asia","Asia"
"ASM",0,"American Samoa",3.5,0,51367.999996,"very low",0,0,"American Samoa","East Asia & Pacific","High income","","Oceania","Oceania"
"ATG",0,"Antigua and Barbuda",10.4,0,89941.00002,"low",0,0,"Antigua and Barbuda","Latin America & Caribbean","High income","IBRD","North America","Americas"
"AUS",8,"Australia",9.2,18,23819590.174,"very low",0,0,"Australia","East Asia & Pacific","High income","","Oceania","Oceania"
"AUT",4,"Austria",10.6,105,8638698.04,"low",0,0,"Austria","Europe & Central Asia","High income","","Europe","Europe"
"AZE",0,"Azerbaijan",17.7,0,9778662.034,"medium",0,0,"Azerbaijan","Europe & Central Asia","Upper middle income","IBRD","Asia","Asia"
"BDI",0,"Burundi",27.4,0,10725013.726,"high",0,0,"Burundi","Sub-Saharan Africa","Low income","IDA","Africa","Africa"
"BEL",5,"Belgium",10.6,101,11247664.394,"low",0,0,"Belgium","Europe & Central Asia","High income","","Europe","Europe"
"BEN",1,"Benin",29.2,2,10919007.948,"high",0,0,"Benin","Sub-Saharan Africa","Lower middle income","IDA","Africa","Africa"
"BES",0,"Bonaire; Sint Eustatius and Saba",9.4,0,23163.999986,"very low",0,0,NA,NA,NA,NA,NA,NA
"BFA",0,"Burkina Faso",32.7,2,18677318.4,"high",0,0,"Burkina Faso","Sub-Saharan Africa","Low income","IDA","Africa","Africa"
"BGD",4,"Bangladesh",77.1,2,157540165.332,"very high",0,0,"Bangladesh","South Asia","Lower middle income","IDA","Asia","Asia"
"BGR",1,"Bulgaria",17.2,84,7294496.561,"medium",0,0,"Bulgaria","Europe & Central Asia","High income","IBRD","Europe","Europe"
"BHR",1,"Bahrain",51.8,0,1362053.80928,"very high",0,0,"Bahrain","Middle East & North Africa","High income","","Asia","Asia"
"BHS",0,"Bahamas",5.7,0,392696.9999,"very low",0,0,"Bahamas, The","Latin America & Caribbean","High income","","North America","Americas"
"BIH",0,"Bosnia and Herzegovina",20.1,0,3519876.9959,"medium",0,0,"Bosnia and Herzegovina","Europe & Central Asia","Upper middle income","IBRD","Europe","Europe"
"BLM",0,"Saint-Barthélemy",5.6,0,9642.999994,"very low",0,0,NA,NA,NA,NA,"North America","Americas"
"BLR",0,"Belarus",12.9,0,9703914.493,"low",0,0,"Belarus","Europe & Central Asia","Upper middle income","IBRD","Europe","Europe"
"BLZ",0,"Belize",10.3,0,357670.60895,"low",0,0,"Belize","Latin America & Caribbean","Upper middle income","Blend","North America","Americas"
"BMU",0,"Bermuda",5.2,0,63144.000013,"very low",0,0,"Bermuda","North America","High income","","North America","Americas"
"BOL",0,"Bolivia",23,1,11122028.826,"medium",0,0,"Bolivia","Latin America & Caribbean","Lower middle income","IBRD","South America","Americas"
"BRA",2,"Brazil",13.3,3,205180111.37,"low",0,0,"Brazil","Latin America & Caribbean","Upper middle income","IBRD","South America","Americas"
"BRB",0,"Barbados",13.7,0,278082.99991,"low",0,0,"Barbados","Latin America & Caribbean","High income","IBRD","North America","Americas"
"BRN",1,"Brunei",15,0,421205.3389,"medium",0,0,"Brunei Darussalam","East Asia & Pacific","High income","","Asia","Asia"
"BTN",0,"Bhutan",35.2,0,808200.6064,"very high",0,0,"Bhutan","South Asia","Lower middle income","IDA","Asia","Asia"
"BWA",0,"Botswana",12.7,2,2305984.1766,"low",0,0,"Botswana","Sub-Saharan Africa","Upper middle income","IBRD","Africa","Africa"
"CAF",0,"Central African Republic",34.3,0,4832052.597,"high",0,0,"Central African Republic","Sub-Saharan Africa","Low income","IDA","Africa","Africa"
"CAN",7,"Canada",6.4,6,35718888.85,"very low",0,0,"Canada","North America","High income","","North America","Americas"
"CCK",0,"Cocos Islands",5.6,0,563.5686709,"very low",0,0,NA,NA,NA,NA,NA,NA
"CHE",3,"Switzerland",8.8,11,8240652.067,"very low",0,0,"Switzerland","Europe & Central Asia","High income","","Europe","Europe"
"CHL",6,"Chile",18.3,2,17870505.86,"medium",0,0,"Chile","Latin America & Caribbean","High income","IBRD","South America","Americas"
"CHN",142,"China",37.7,24,1401793873.9,"very high",1,0,"China","East Asia & Pacific","Upper middle income","IBRD","Asia","Asia"
"CIV",0,"Côte d'Ivoire",21.9,2,23578198.716,"medium",0,0,"Côte d’Ivoire","Sub-Saharan Africa","Lower middle income","IDA","Africa","Africa"
"CMR",0,"Cameroon",37,2,23038492.024,"very high",0,0,"Cameroon","Sub-Saharan Africa","Lower middle income","Blend","Africa","Africa"
"COD",0,"Democratic Republic of the Congo",29.8,0,78664750.16,"high",0,0,"Congo, Dem. Rep.","Sub-Saharan Africa","Low income","IDA","Africa","Africa"
"COG",0,"Republic of Congo",34.2,2,5082311.3174,"high",0,0,"Congo, Rep.","Sub-Saharan Africa","Lower middle income","Blend","Africa","Africa"
"COK",0,"Cook Islands",2.5,0,17694.999999,"very low",0,0,NA,NA,NA,NA,"Oceania","Oceania"
"COL",5,"Colombia",18.4,2,47128348.602,"medium",0,0,"Colombia","Latin America & Caribbean","Upper middle income","IBRD","South America","Americas"
"COM",0,"Comoros",6.5,0,730216.0002,"very low",0,0,"Comoros","Sub-Saharan Africa","Lower middle income","IDA","Africa","Africa"
"CPV",0,"Cape Verde",14.1,2,552166.0004,"low",0,0,"Cabo Verde","Sub-Saharan Africa","Lower middle income","Blend","Africa","Africa"
"CRI",0,"Costa Rica",18.1,0,4903346.81,"medium",0,0,"Costa Rica","Latin America & Caribbean","Upper middle income","IBRD","North America","Americas"
"CUB",0,"Cuba",9.3,0,11339894,"very low",0,0,"Cuba","Latin America & Caribbean","Upper middle income","","North America","Americas"
"CUW",0,"Curaçao",9.5,0,169571.99992,"very low",0,0,"Curaçao","Latin America & Caribbean","High income","","North America","Americas"
"CXR",0,"Christmas Island",6.1,0,2527.516634,"very low",0,0,NA,NA,NA,NA,NA,NA
"CYM",0,"Cayman Islands",9.4,0,60910.999973,"very low",0,0,"Cayman Islands","Latin America & Caribbean","High income","","North America","Americas"
"CYP",1,"Cyprus",14.9,85,829545.2764,"low",0,0,"Cyprus","Europe & Central Asia","High income","","Asia","Asia"
"CZE",2,"Czech Republic",13.3,88,10528713.864,"low",0,0,"Czechia","Europe & Central Asia","High income","","Europe","Europe"
"DEU",7,"Germany",9.6,116,82149541.57,"very low",0,0,"Germany","Europe & Central Asia","High income","","Europe","Europe"
"DJI",0,"Djibouti",24.6,0,1012339.9909,"medium",0,0,"Djibouti","Middle East & North Africa","Lower middle income","IDA","Africa","Africa"
"DMA",0,"Dominica",9.1,0,70007.00001,"very low",0,0,"Dominica","Latin America & Caribbean","Upper middle income","Blend","North America","Americas"
"DNK",3,"Denmark",8.9,112,5677894.974,"very low",0,0,"Denmark","Europe & Central Asia","High income","","Europe","Europe"
"DOM",0,"Dominican Republic",16.1,0,10391057.897,"medium",0,0,"Dominican Republic","Latin America & Caribbean","Upper middle income","IBRD","North America","Americas"
"DZA",0,"Algeria",13,1,39544078.244,"low",0,0,"Algeria","Middle East & North Africa","Upper middle income","IBRD","Africa","Africa"
"ECU",1,"Ecuador",19.5,1,16196517.256,"medium",0,0,"Ecuador","Latin America & Caribbean","Upper middle income","IBRD","South America","Americas"
"EGY",1,"Egypt",50.5,3,97730135.631,"very high",0,0,"Egypt, Arab Rep.","Middle East & North Africa","Lower middle income","IBRD","Africa","Africa"
"ERI",0,"Eritrea",22.2,0,3326554.6487,"medium",0,0,"Eritrea","Sub-Saharan Africa","Low income","IDA","Africa","Africa"
"ESH",0,"Western Sahara",41.1,0,491846.41847,"very high",0,0,NA,NA,NA,NA,"Africa","Africa"
"ESP",10,"Spain",10.1,115,46428809.67,"low",0,0,"Spain","Europe & Central Asia","High income","","Europe","Europe"
"EST",3,"Estonia",6.8,84,1311099.545,"very low",0,0,"Estonia","Europe & Central Asia","High income","","Europe","Europe"
"ETH",0,"Ethiopia",25.5,3,102345078.66,"high",0,0,"Ethiopia","Sub-Saharan Africa","Low income","IDA","Africa","Africa"
"FIN",7,"Finland",5.1,107,5447090.285,"very low",0,0,"Finland","Europe & Central Asia","High income","","Europe","Europe"
"FJI",0,"Fiji",5.4,0,917200,"very low",0,0,"Fiji","East Asia & Pacific","Upper middle income","Blend","Oceania","Oceania"
"FLK",0,"Falkland Islands",4.6,0,3408.000011,"very low",0,0,NA,NA,NA,NA,"South America","Americas"
"FRA",10,"France",9.4,115,63821694.19,"very low",0,0,"France","Europe & Central Asia","High income","","Europe","Europe"
"FRO",0,"Faroe Islands",4.9,0,48815.99988,"very low",0,0,"Faroe Islands","Europe & Central Asia","High income","","Europe","Europe"
"GAB",0,"Gabon",23.7,2,2045204.9733,"medium",0,0,"Gabon","Sub-Saharan Africa","Upper middle income","IBRD","Africa","Africa"
"GBR",23,"United Kingdom",9.9,83,65224257.284,"very low",0,0,"United Kingdom","Europe & Central Asia","High income","","Europe","Europe"
"GEO",1,"Georgia",15.7,0,3772078.135,"medium",0,0,"Georgia","Europe & Central Asia","Upper middle income","IBRD","Asia","Asia"
"GGY",0,"Guernsey",7.6,0,61629.000038,"very low",0,0,NA,NA,NA,NA,"Europe","Europe"
"GHA",3,"Ghana",26.9,3,28974454.991,"high",0,0,"Ghana","Sub-Saharan Africa","Lower middle income","IDA","Africa","Africa"
"GIB",0,"Gibraltar",10.4,0,30922.28492297,"low",0,0,"Gibraltar","Europe & Central Asia","High income","","Europe","Europe"
"GIN",0,"Guinea",24.3,2,11627868.888,"medium",0,0,"Guinea","Sub-Saharan Africa","Lower middle income","IDA","Africa","Africa"
"GLP",0,"Guadeloupe",9.2,0,399088.9999,"very low",0,0,NA,NA,NA,NA,NA,NA
"GMB",0,"Gambia",30.7,2,2256690.1121,"high",0,0,"Gambia, The","Sub-Saharan Africa","Low income","IDA","Africa","Africa"
"GNB",0,"Guinea-Bissau",26.3,0,1789591.5445,"high",0,0,"Guinea-Bissau","Sub-Saharan Africa","Low income","IDA","Africa","Africa"
"GNQ",0,"Equatorial Guinea",16,0,1325245.7975,"medium",0,0,"Equatorial Guinea","Sub-Saharan Africa","Upper middle income","IBRD","Africa","Africa"
"GRC",6,"Greece",14.8,100,10807782.015,"low",0,0,"Greece","Europe & Central Asia","High income","","Europe","Europe"
"GRD",0,"Grenada",10.9,0,118979.99989,"low",0,0,"Grenada","Latin America & Caribbean","Upper middle income","Blend","North America","Americas"
"GRL",0,"Greenland",2.4,0,55894.99993,"very low",0,0,"Greenland","Europe & Central Asia","High income","","North America","Americas"
"GTM",1,"Guatemala",22,1,15997665.775,"medium",0,0,"Guatemala","Latin America & Caribbean","Upper middle income","IBRD","North America","Americas"
"GUF",0,"French Guiana",14.8,0,255862.55583,"low",0,0,NA,NA,NA,NA,NA,NA
"GUM",0,"Guam",3.5,0,167977.99998,"very low",0,0,"Guam","East Asia & Pacific","High income","","Oceania","Oceania"
"GUY",0,"Guyana",13.2,0,750300.3958,"low",0,0,"Guyana","Latin America & Caribbean","High income","IDA","South America","Americas"
"HKG",5,"Hong Kong",20.2,2,NA,"medium",0,0,"Hong Kong SAR, China","East Asia & Pacific","High income","","Asia","Asia"
"HND",0,"Honduras",21.8,0,9305049.743,"medium",0,0,"Honduras","Latin America & Caribbean","Lower middle income","IDA","North America","Americas"
"HRV",1,"Croatia",13.7,57,4254148.74,"low",0,0,"Croatia","Europe & Central Asia","High income","IBRD","Europe","Europe"
"HTI",0,"Haiti",13.4,0,10578531.102,"low",0,0,"Haiti","Latin America & Caribbean","Lower middle income","IDA","North America","Americas"
"HUN",1,"Hungary",14,95,9845520.657,"low",0,0,"Hungary","Europe & Central Asia","High income","","Europe","Europe"
"IDN",5,"Indonesia",21.1,3,259083290.41,"medium",0,0,"Indonesia","East Asia & Pacific","Upper middle income","IBRD","Asia","Asia"
"IMN",0,"Isle of Man",7.3,0,83593.00008,"very low",0,0,"Isle of Man","Europe & Central Asia","High income","","Europe","Europe"
"IND",21,"India",51.4,24,1323107937.3,"very high",0,1,"India","South Asia","Lower middle income","IBRD","Asia","Asia"
"IRL",4,"Ireland",8.9,98,4665866.723,"very low",0,0,"Ireland","Europe & Central Asia","High income","","Europe","Europe"
"IRN",13,"Iran",32.8,1,81764618.24,"high",0,0,"Iran, Islamic Rep.","Middle East & North Africa","Upper middle income","IBRD","Asia","Asia"
"IRQ",0,"Iraq",36.3,2,37758248.721,"very high",0,0,"Iraq","Middle East & North Africa","Upper middle income","IBRD","Asia","Asia"
"ISL",1,"Iceland",4.7,11,331059.99998,"very low",0,0,"Iceland","Europe & Central Asia","High income","","Europe","Europe"
"ISR",0,"Israel",21.6,0,8006085.191,"medium",0,0,"Israel","Middle East & North Africa","High income","","Asia","Asia"
"ITA",11,"Italy",14.4,115,60254972.26,"low",0,0,"Italy","Europe & Central Asia","High income","","Europe","Europe"
"JAM",0,"Jamaica",15.4,0,2794445.0005,"medium",0,0,"Jamaica","Latin America & Caribbean","Upper middle income","IBRD","North America","Americas"
"JEY",0,"Jersey",8.3,0,100561.000116,"very low",0,0,NA,NA,NA,NA,"Europe","Europe"
"JOR",2,"Jordan",31.4,3,9493248.3607,"high",0,0,"Jordan","Middle East & North Africa","Lower middle income","IBRD","Asia","Asia"
"JPN",3,"Japan",13.6,18,127250931.89,"low",0,0,"Japan","East Asia & Pacific","High income","","Asia","Asia"
"KAZ",0,"Kazakhstan",18.3,3,17837537.223,"medium",0,0,"Kazakhstan","Europe & Central Asia","Upper middle income","IBRD","Asia","Asia"
"KEN",0,"Kenya",20.7,4,46966103.845,"medium",0,0,"Kenya","Sub-Saharan Africa","Lower middle income","Blend","Africa","Africa"
"KGZ",0,"Kyrgyzstan",20.5,3,5784506.115,"medium",0,0,"Kyrgyz Republic","Europe & Central Asia","Lower middle income","IDA","Asia","Asia"
"KHM",1,"Cambodia",22.7,0,15409796.658,"medium",0,0,"Cambodia","East Asia & Pacific","Lower middle income","IDA","Asia","Asia"
"KIR",0,"Kiribati",3.6,0,116706.99998,"very low",0,0,"Kiribati","East Asia & Pacific","Lower middle income","IDA","Oceania","Oceania"
"KNA",0,"Saint Kitts and Nevis",7.8,0,47790.00006,"very low",0,0,"St. Kitts and Nevis","Latin America & Caribbean","High income","IBRD","North America","Americas"
"KOR",20,"South Korea",24.3,18,50994550.335,"medium",0,0,"Korea, Rep.","East Asia & Pacific","High income","","Asia","Asia"
"KWT",0,"Kuwait",56.6,1,3908967.1646,"very high",0,0,"Kuwait","Middle East & North Africa","High income","","Asia","Asia"
"LAO",0,"Laos",25.7,0,6811332.9584,"high",0,0,"Lao PDR","East Asia & Pacific","Lower middle income","IDA","Asia","Asia"
"LBN",3,"Lebanon",30.8,3,6385091.402,"high",0,0,"Lebanon","Middle East & North Africa","Lower middle income","IBRD","Asia","Asia"
"LBR",0,"Liberia",18,2,4615232.7046,"medium",0,0,"Liberia","Sub-Saharan Africa","Low income","IDA","Africa","Africa"
"LBY",0,"Libya",19.3,2,6191982.845,"medium",0,0,"Libya","Middle East & North Africa","Upper middle income","IBRD","Africa","Africa"
"LCA",0,"Saint Lucia",12.6,0,175622.99988,"low",0,0,"St. Lucia","Latin America & Caribbean","Upper middle income","Blend","North America","Americas"
"LIE",0,"Liechtenstein",8.6,0,37173.459498,"very low",0,0,"Liechtenstein","Europe & Central Asia","High income","","Europe","Europe"
"LKA",0,"Sri Lanka",20.6,0,21336697.003,"medium",0,0,"Sri Lanka","South Asia","Lower middle income","IDA","Asia","Asia"
"LSO",0,"Lesotho",59.1,2,2117932.4656,"very high",0,0,"Lesotho","Sub-Saharan Africa","Lower middle income","IDA","Africa","Africa"
"LTU",1,"Lithuania",10.7,95,2965336.0678,"low",0,0,"Lithuania","Europe & Central Asia","High income","","Europe","Europe"
"LUX",1,"Luxembourg",8.7,97,564745.4612,"very low",0,0,"Luxembourg","Europe & Central Asia","High income","","Europe","Europe"
"LVA",2,"Latvia",9.3,84,1992345.4992,"very low",0,0,"Latvia","Europe & Central Asia","High income","","Europe","Europe"
"MAC",NA,NA,NA,1,NA,NA,0,0,"Macao SAR, China","East Asia & Pacific","High income","","Asia","Asia"
"MAR",0,"Morocco",14.3,4,34682354.769,"low",0,0,"Morocco","Middle East & North Africa","Lower middle income","IBRD","Africa","Africa"
"MCO",0,"Monaco",10,0,36661.26966,"low",0,0,"Monaco","Europe & Central Asia","High income","","Europe","Europe"
"MDA",0,"Moldova",13.5,0,3282187.079,"low",0,0,"Moldova","Europe & Central Asia","Upper middle income","IBRD","Europe","Europe"
"MDG",0,"Madagascar",10.2,2,24850912.002,"low",0,0,"Madagascar","Sub-Saharan Africa","Low income","IDA","Africa","Africa"
"MDV",0,"Maldives",11.9,1,435582.00007,"low",0,0,"Maldives","South Asia","Upper middle income","IDA","Seven seas (open ocean)","Asia"
"MEX",9,"Mexico",17.4,2,120128231.05,"medium",0,0,"Mexico","Latin America & Caribbean","Upper middle income","IBRD","North America","Americas"
"MHL",0,"Marshall Islands",3.2,0,49410.00001,"very low",0,0,"Marshall Islands","East Asia & Pacific","Upper middle income","IDA","Oceania","Oceania"
"MKD",1,"Macedonia",20.3,4,2107669.836,"medium",0,0,"North Macedonia","Europe & Central Asia","Upper middle income","IBRD","Europe","Europe"
"MLI",0,"Mali",32.5,2,18114840.393,"high",0,0,"Mali","Sub-Saharan Africa","Low income","IDA","Africa","Africa"
"MLT",1,"Malta",11.9,59,456578.99994,"low",0,0,"Malta","Middle East & North Africa","High income","","Europe","Europe"
"MMR",1,"Myanmar",32.7,2,51471274.35,"high",0,0,"Myanmar","East Asia & Pacific","Lower middle income","IDA","Asia","Asia"
"MNE",1,"Montenegro",13,33,633373.0467,"low",0,0,"Montenegro","Europe & Central Asia","Upper middle income","IBRD","Europe","Europe"
"MNG",1,"Mongolia",26.3,2,2961148.2406,"high",0,0,"Mongolia","East Asia & Pacific","Upper middle income","IBRD","Asia","Asia"
"MNP",0,"Northern Mariana Islands",3.2,0,51513.99997,"very low",0,0,"Northern Mariana Islands","East Asia & Pacific","High income","","Oceania","Oceania"
"MOZ",0,"Mozambique",11.5,2,26874712.887,"low",0,0,"Mozambique","Sub-Saharan Africa","Low income","IDA","Africa","Africa"
"MRT",0,"Mauritania",38.2,3,3936260.9543,"very high",0,0,"Mauritania","Sub-Saharan Africa","Lower middle income","IDA","Africa","Africa"
"MSR",0,"Montserrat",8.8,0,5058.999997,"very low",0,0,NA,NA,NA,NA,"North America","Americas"
"MTQ",0,"Martinique",11.7,0,383514.99989,"low",0,0,NA,NA,NA,NA,NA,NA
"MUS",0,"Mauritius",12.5,2,1293152.9999,"low",0,0,"Mauritius","Sub-Saharan Africa","Upper middle income","IBRD","Seven seas (open ocean)","Africa"
"MWI",0,"Malawi",14.5,2,16907389.578,"low",0,0,"Malawi","Sub-Saharan Africa","Low income","IDA","Africa","Africa"
"MYS",14,"Malaysia",20.9,4,31081433.179,"medium",0,0,"Malaysia","East Asia & Pacific","Upper middle income","IBRD","Asia","Asia"
"MYT",0,"Mayotte",6.5,0,249545.0001,"very low",0,0,NA,NA,NA,NA,NA,NA
"NAM",0,"Namibia",12.7,2,2282695.4977,"low",0,0,"Namibia","Sub-Saharan Africa","Upper middle income","IBRD","Africa","Africa"
"NCL",0,"New Caledonia",4.3,0,283035.05878,"very low",0,0,"New Caledonia","East Asia & Pacific","High income","","Oceania","Oceania"
"NER",0,"Niger",42.7,2,20142084.567,"very high",0,0,"Niger","Sub-Saharan Africa","Low income","IDA","Africa","Africa"
"NFK",0,"Norfolk Island",3.7,0,2286.833838,"very low",0,0,NA,NA,NA,NA,"Oceania","Oceania"
"NGA",1,"Nigeria",41.2,4,183943676.88,"very high",0,0,"Nigeria","Sub-Saharan Africa","Lower middle income","Blend","Africa","Africa"
"NIC",0,"Nicaragua",15.7,2,6287809.607,"medium",0,0,"Nicaragua","Latin America & Caribbean","Lower middle income","IDA","North America","Americas"
"NIU",0,"Niue",3.2,0,1847.000004,"very low",0,0,NA,NA,NA,NA,"Oceania","Oceania"
"NLD",4,"Netherlands",11,105,17025763.116,"low",0,0,"Netherlands","Europe & Central Asia","High income","","Europe","Europe"
"NOR",3,"Norway",5.5,11,5187607.031,"very low",0,0,"Norway","Europe & Central Asia","High income","","Europe","Europe"
"NPL",2,"Nepal",44.2,0,27586971.354,"very high",0,0,"Nepal","South Asia","Lower middle income","IDA","Asia","Asia"
"NRU",0,"Nauru",4.3,0,11184.999964,"very low",0,0,"Nauru","East Asia & Pacific","High income","IBRD","Oceania","Oceania"
"NZL",1,"New Zealand",7.8,12,4590585.058,"very low",0,0,"New Zealand","East Asia & Pacific","High income","","Oceania","Oceania"
"OMN",2,"Oman",34.7,0,4237809.064,"high",0,0,"Oman","Middle East & North Africa","High income","","Asia","Asia"
"PAK",10,"Pakistan",46.4,2,210923972.87,"very high",0,0,"Pakistan","South Asia","Lower middle income","Blend","Asia","Asia"
"PAN",0,"Panama",16.5,0,3951603.2638,"medium",0,0,"Panama","Latin America & Caribbean","High income","IBRD","North America","Americas"
"PCN",0,"Pitcairn Islands",2.4,0,65.30609376,"very low",0,0,NA,NA,NA,NA,"Oceania","Oceania"
"PER",0,"Peru",18.6,2,30713140.732,"medium",0,0,"Peru","Latin America & Caribbean","Upper middle income","IBRD","South America","Americas"
"PHL",3,"Philippines",19.2,14,103031365,"medium",0,0,"Philippines","East Asia & Pacific","Lower middle income","IBRD","Asia","Asia"
"PLW",0,"Palau",4.9,0,17794.000018,"very low",0,0,"Palau","East Asia & Pacific","High income","IBRD","Oceania","Oceania"
"PNG",0,"Papua New Guinea",12.8,0,8676579.2521,"low",0,0,"Papua New Guinea","East Asia & Pacific","Lower middle income","Blend","Oceania","Oceania"
"POL",10,"Poland",17.2,88,38527290.78,"medium",0,0,"Poland","Europe & Central Asia","High income","IBRD","Europe","Europe"
"PRI",0,"Puerto Rico",7.4,1,3497334.9998,"very low",0,0,"Puerto Rico","Latin America & Caribbean","High income","","North America","Americas"
"PRK",0,"North Korea",24.9,0,25183141.62,"medium",0,0,"Korea, Dem. People's Rep.","East Asia & Pacific","Low income","","Asia","Asia"
"PRT",8,"Portugal",8.7,97,10365900.406,"very low",0,0,"Portugal","Europe & Central Asia","High income","","Europe","Europe"
"PRY",0,"Paraguay",15.4,0,6165043.994,"medium",0,0,"Paraguay","Latin America & Caribbean","Upper middle income","IBRD","South America","Americas"
"PSE",0,"Palestina",23.3,2,4476781.9278,"medium",0,0,"West Bank and Gaza","Middle East & North Africa","Lower middle income","","Asia","Asia"
"PYF",0,"French Polynesia",2.6,0,291786.99992,"very low",0,0,"French Polynesia","East Asia & Pacific","High income","","Oceania","Oceania"
"QAT",0,"Qatar",72,0,2415319.3258,"very high",0,0,"Qatar","Middle East & North Africa","High income","","Asia","Asia"
"REU",0,"Reunion",6.7,0,922495.00016,"very low",0,0,NA,NA,NA,NA,NA,NA
"ROU",2,"Romania",16.1,85,19913237.941,"medium",0,0,"Romania","Europe & Central Asia","High income","IBRD","Europe","Europe"
"RUS",1,"Russia",13.1,14,144497553.24,"low",0,0,"Russian Federation","Europe & Central Asia","High income","IBRD","Europe","Europe"
"RWA",1,"Rwanda",30.3,0,11617555.454,"high",0,0,"Rwanda","Sub-Saharan Africa","Low income","IDA","Africa","Africa"
"SAU",1,"Saudi Arabia",57.3,0,32784619.5,"very high",0,0,"Saudi Arabia","Middle East & North Africa","High income","","Asia","Asia"
"SDN",0,"Sudan",29.6,3,38211004.412,"high",0,0,"Sudan","Sub-Saharan Africa","Low income","IDA","Africa","Africa"
"SEN",1,"Senegal",31.8,3,14371998.752,"high",0,0,"Senegal","Sub-Saharan Africa","Lower middle income","IDA","Africa","Africa"
"SGP",6,"Singapore",23.3,3,5650073.984147,"medium",0,0,"Singapore","East Asia & Pacific","High income","","Asia","Asia"
"SHN",0,"Saint Helena",3.5,0,5496.999991,"very low",0,0,NA,NA,NA,NA,"Seven seas (open ocean)","Africa"
"SLB",0,"Solomon Islands",6.5,0,612660.00021,"very low",0,0,"Solomon Islands","East Asia & Pacific","Lower middle income","IDA","Oceania","Oceania"
"SLE",0,"Sierra Leone",18.5,2,7310110.355,"medium",0,0,"Sierra Leone","Sub-Saharan Africa","Low income","IDA","Africa","Africa"
"SLV",0,"El Salvador",24.6,1,6228156.686,"medium",0,0,"El Salvador","Latin America & Caribbean","Upper middle income","IBRD","North America","Americas"
"SMR",0,"San Marino",11.7,0,31708.269159,"low",0,0,"San Marino","Europe & Central Asia","High income","","Europe","Europe"
"SOM",0,"Somalia",12.1,0,13804335.713,"low",0,0,"Somalia","Sub-Saharan Africa","Low income","IDA","Africa","Africa"
"SPM",0,"Saint Pierre and Miquelon",3.8,0,5977.999999,"very low",0,0,NA,NA,NA,NA,"North America","Americas"
"SRB",3,"Serbia",18.5,5,7574464.654,"medium",0,0,"Serbia","Europe & Central Asia","Upper middle income","IBRD","Europe","Europe"
"SSD",0,"South Sudan",21.6,0,11156261.732,"medium",0,0,"South Sudan","Sub-Saharan Africa","Low income","IDA","Africa","Africa"
"STP",0,"São Tomé and Príncipe",14.6,2,201123.99994,"low",0,0,"São Tomé and Príncipe","Sub-Saharan Africa","Lower middle income","IDA","Africa","Africa"
"SUR",0,"Suriname",15.4,0,581633.9297,"medium",0,0,"Suriname","Latin America & Caribbean","Upper middle income","IBRD","South America","Americas"
"SVK",1,"Slovakia",14.1,96,5424020.0425,"low",0,0,"Slovak Republic","Europe & Central Asia","High income","","Europe","Europe"
"SVN",2,"Slovenia",13.3,95,2047926.18,"low",0,0,"Slovenia","Europe & Central Asia","High income","","Europe","Europe"
"SWE",8,"Sweden",5.8,110,9850041.32,"very low",0,0,"Sweden","Europe & Central Asia","High income","","Europe","Europe"
"SWZ",0,"Swaziland",14.9,2,1136672.32528,"low",0,0,"Eswatini","Sub-Saharan Africa","Lower middle income","Blend","Africa","Africa"
"SXM",0,"Sint Maarten",7.9,0,39267.390083,"very low",0,0,"Sint Maarten (Dutch part)","Latin America & Caribbean","High income","","North America","Americas"
"SYC",0,"Seychelles",5.6,2,99240.00012,"very low",0,0,"Seychelles","Sub-Saharan Africa","High income","IBRD","Seven seas (open ocean)","Africa"
"SYR",0,"Syria",26.2,0,19214802.745,"high",0,0,"Syrian Arab Republic","Middle East & North Africa","Low income","IDA","Asia","Asia"
"TCA",0,"Turks and Caicos Islands",5.9,0,36538.00003,"very low",0,0,"Turks and Caicos Islands","Latin America & Caribbean","High income","","North America","Americas"
"TCD",0,"Chad",36.5,0,14125227.669,"very high",0,0,"Chad","Sub-Saharan Africa","Low income","IDA","Africa","Africa"
"TGO",0,"Togo",30,2,7430917.711,"high",0,0,"Togo","Sub-Saharan Africa","Low income","IDA","Africa","Africa"
"THA",6,"Thailand",25.2,14,70317465.6,"high",0,0,"Thailand","East Asia & Pacific","Upper middle income","IBRD","Asia","Asia"
"TJK",0,"Tajikistan",29.2,3,8535910.108,"high",0,0,"Tajikistan","Europe & Central Asia","Lower middle income","IDA","Asia","Asia"
"TKL",0,"Tokelau",3,0,1453.999996,"very low",0,0,NA,NA,NA,NA,NA,NA
"TKM",0,"Turkmenistan",21.3,2,5773821.721,"medium",0,0,"Turkmenistan","Europe & Central Asia","Upper middle income","IBRD","Asia","Asia"
"TLS",0,"Timor-Leste",12,0,1206734.0018,"low",0,0,"Timor-Leste","East Asia & Pacific","Lower middle income","Blend","Asia","Asia"
"TON",0,"Tonga",4,0,106121.99996,"very low",0,0,"Tonga","East Asia & Pacific","Upper middle income","IDA","Oceania","Oceania"
"TTO",0,"Trinidad and Tobago",12.5,0,1460176.9998,"low",0,0,"Trinidad and Tobago","Latin America & Caribbean","High income","IBRD","North America","Americas"
"TUN",0,"Tunisia",13.4,5,11558257.67,"low",0,0,"Tunisia","Middle East & North Africa","Lower middle income","IBRD","Africa","Africa"
"TUR",7,"Turkey",23,6,79644890.02,"medium",0,0,"Türkiye","Europe & Central Asia","Upper middle income","IBRD","Asia","Asia"
"TUV",0,"Tuvalu",4.5,0,10876.999982,"very low",0,0,"Tuvalu","East Asia & Pacific","Upper middle income","IDA","Oceania","Oceania"
"TWN",9,"Taiwan",17.8,14,23511567.872,"medium",0,0,"Taiwan, China","East Asia & Pacific","High income","","Asia","Asia"
"TZA",0,"Tanzania",18.5,3,52485977.58,"medium",0,0,"Tanzania","Sub-Saharan Africa","Lower middle income","IDA","Africa","Africa"
"UGA",0,"Uganda",27.2,3,37515804.307,"high",0,0,"Uganda","Sub-Saharan Africa","Low income","IDA","Africa","Africa"
"UKR",0,"Ukraine",13.9,2,44980379.55,"low",0,0,"Ukraine","Europe & Central Asia","Upper middle income","IBRD","Europe","Europe"
"URY",0,"Uruguay",12.4,1,3403403.1367,"low",0,0,"Uruguay","Latin America & Caribbean","High income","IBRD","South America","Americas"
"USA",51,"United States",7.4,18,324648883.7,"very low",0,0,"United States","North America","High income","","North America","Americas"
"UZB",0,"Uzbekistan",30.4,3,31080396.384,"high",0,0,"Uzbekistan","Europe & Central Asia","Lower middle income","Blend","Asia","Asia"
"VAT",0,"Vatican City",15.2,0,0,"medium",0,0,NA,NA,NA,NA,"Europe","Europe"
"VCT",0,"Saint Vincent and the Grenadines",8.1,0,106482.00002,"very low",0,0,"St. Vincent and the Grenadines","Latin America & Caribbean","Upper middle income","Blend","North America","Americas"
"VEN",2,"Venezuela",18.5,2,30520815.685,"medium",0,0,"Venezuela, RB","Latin America & Caribbean","Upper middle income","IBRD","South America","Americas"
"VGB",0,"British Virgin Islands",6.5,0,29366.00002,"very low",0,0,"British Virgin Islands","Latin America & Caribbean","High income","","North America","Americas"
"VIR",0,"Virgin Islands; U.S.",6.5,0,102803.00005,"very low",0,0,"Virgin Islands (U.S.)","Latin America & Caribbean","High income","","North America","Americas"
"VNM",7,"Vietnam",26.3,3,92182541.19,"high",0,0,"Vietnam","East Asia & Pacific","Lower middle income","IBRD","Asia","Asia"
"VUT",0,"Vanuatu",4.8,0,276434.9414,"very low",0,0,"Vanuatu","East Asia & Pacific","Lower middle income","IDA","Oceania","Oceania"
"WLF",0,"Wallis and Futuna",4.2,0,12181.99997,"very low",0,0,NA,NA,NA,NA,"Oceania","Oceania"
"WSM",0,"Samoa",3.9,0,203570.99992,"very low",0,0,"Samoa","East Asia & Pacific","Lower middle income","IDA","Oceania","Oceania"
"YEM",0,"Yemen",27.9,0,28489088.465,"high",0,0,"Yemen, Rep.","Middle East & North Africa","Low income","IDA","Asia","Asia"
"ZAF",5,"South Africa",27.7,14,55875253.09,"high",0,0,"South Africa","Sub-Saharan Africa","Upper middle income","IBRD","Africa","Africa"
"ZMB",0,"Zambia",16.3,2,16261845.298,"medium",0,0,"Zambia","Sub-Saharan Africa","Lower middle income","IDA","Africa","Africa"
"ZWE",0,"Zimbabwe",11.7,3,14157998.425,"low",0,0,"Zimbabwe","Sub-Saharan Africa","Lower middle income","Blend","Africa","Africa"
