"iso3","eurobarometerSource","n_papers","countryName","pm25Avg","population2015","categoryPollution","isChina","isIndia","Economy","Region","Income.group","Lending.category","continent","region_un","n_surveys"
"ABW",0,0,"Aruba",10.1,104256.999957,"low",0,0,"Aruba","Latin America & Caribbean","High income","","North America","Americas",0
"ABW",1,0,"Aruba",10.1,104256.999957,"low",0,0,"Aruba","Latin America & Caribbean","High income","","North America","Americas",0
"AFG",0,0,"Afghanistan",32.6,33760563.728,"high",0,0,"Afghanistan","South Asia","Low income","IDA","Asia","Asia",0
"AFG",1,0,"Afghanistan",32.6,33760563.728,"high",0,0,"Afghanistan","South Asia","Low income","IDA","Asia","Asia",0
"AGO",0,0,"Angola",19.7,28131377.368,"medium",0,0,"Angola","Sub-Saharan Africa","Lower middle income","IBRD","Africa","Africa",2
"AGO",1,0,"Angola",19.7,28131377.368,"medium",0,0,"Angola","Sub-Saharan Africa","Lower middle income","IBRD","Africa","Africa",0
"AIA",0,0,"Anguilla",7,14524.999998,"very low",0,0,NA,NA,NA,NA,"North America","Americas",0
"AIA",1,0,"Anguilla",7,14524.999998,"very low",0,0,NA,NA,NA,NA,"North America","Americas",0
"ALA",0,0,"Aland",5.3,31811.09158,"very low",0,0,NA,NA,NA,NA,"Europe","Europe",0
"ALA",1,0,"Aland",5.3,31811.09158,"very low",0,0,NA,NA,NA,NA,"Europe","Europe",0
"ALB",0,0,"Albania",16,2882256.2209,"medium",0,0,"Albania","Europe & Central Asia","Upper middle income","IBRD","Europe","Europe",4
"ALB",1,0,"Albania",16,2882256.2209,"medium",0,0,"Albania","Europe & Central Asia","Upper middle income","IBRD","Europe","Europe",0
"AND",0,0,"Andorra",6.3,71599.20824,"very low",0,0,"Andorra","Europe & Central Asia","High income","","Europe","Europe",1
"AND",1,0,"Andorra",6.3,71599.20824,"very low",0,0,"Andorra","Europe & Central Asia","High income","","Europe","Europe",0
"ARE",0,1,"United Arab Emirates",46,8865812.0958,"very high",0,0,"United Arab Emirates","Middle East & North Africa","High income","","Asia","Asia",0
"ARE",1,1,"United Arab Emirates",46,8865812.0958,"very high",0,0,"United Arab Emirates","Middle East & North Africa","High income","","Asia","Asia",0
"ARG",0,0,"Argentina",13.9,43243256.584,"low",0,0,"Argentina","Latin America & Caribbean","Upper middle income","IBRD","South America","Americas",2
"ARG",1,0,"Argentina",13.9,43243256.584,"low",0,0,"Argentina","Latin America & Caribbean","Upper middle income","IBRD","South America","Americas",0
"ARM",0,0,"Armenia",28.8,2881787.387,"high",0,0,"Armenia","Europe & Central Asia","Upper middle income","IBRD","Asia","Asia",1
"ARM",1,0,"Armenia",28.8,2881787.387,"high",0,0,"Armenia","Europe & Central Asia","Upper middle income","IBRD","Asia","Asia",0
"ASM",0,0,"American Samoa",3.5,51367.999996,"very low",0,0,"American Samoa","East Asia & Pacific","High income","","Oceania","Oceania",0
"ASM",1,0,"American Samoa",3.5,51367.999996,"very low",0,0,"American Samoa","East Asia & Pacific","High income","","Oceania","Oceania",0
"ATG",0,0,"Antigua and Barbuda",10.4,89941.00002,"low",0,0,"Antigua and Barbuda","Latin America & Caribbean","High income","IBRD","North America","Americas",0
"ATG",1,0,"Antigua and Barbuda",10.4,89941.00002,"low",0,0,"Antigua and Barbuda","Latin America & Caribbean","High income","IBRD","North America","Americas",0
"AUS",0,8,"Australia",9.2,23819590.174,"very low",0,0,"Australia","East Asia & Pacific","High income","","Oceania","Oceania",18
"AUS",1,8,"Australia",9.2,23819590.174,"very low",0,0,"Australia","East Asia & Pacific","High income","","Oceania","Oceania",0
"AUT",0,4,"Austria",10.6,8638698.04,"low",0,0,"Austria","Europe & Central Asia","High income","","Europe","Europe",15
"AUT",1,4,"Austria",10.6,8638698.04,"low",0,0,"Austria","Europe & Central Asia","High income","","Europe","Europe",90
"AZE",0,0,"Azerbaijan",17.7,9778662.034,"medium",0,0,"Azerbaijan","Europe & Central Asia","Upper middle income","IBRD","Asia","Asia",0
"AZE",1,0,"Azerbaijan",17.7,9778662.034,"medium",0,0,"Azerbaijan","Europe & Central Asia","Upper middle income","IBRD","Asia","Asia",0
"BDI",0,0,"Burundi",27.4,10725013.726,"high",0,0,"Burundi","Sub-Saharan Africa","Low income","IDA","Africa","Africa",0
"BDI",1,0,"Burundi",27.4,10725013.726,"high",0,0,"Burundi","Sub-Saharan Africa","Low income","IDA","Africa","Africa",0
"BEL",0,5,"Belgium",10.6,11247664.394,"low",0,0,"Belgium","Europe & Central Asia","High income","","Europe","Europe",8
"BEL",1,5,"Belgium",10.6,11247664.394,"low",0,0,"Belgium","Europe & Central Asia","High income","","Europe","Europe",93
"BEN",0,1,"Benin",29.2,10919007.948,"high",0,0,"Benin","Sub-Saharan Africa","Lower middle income","IDA","Africa","Africa",2
"BEN",1,1,"Benin",29.2,10919007.948,"high",0,0,"Benin","Sub-Saharan Africa","Lower middle income","IDA","Africa","Africa",0
"BES",0,0,"Bonaire; Sint Eustatius and Saba",9.4,23163.999986,"very low",0,0,NA,NA,NA,NA,NA,NA,0
"BES",1,0,"Bonaire; Sint Eustatius and Saba",9.4,23163.999986,"very low",0,0,NA,NA,NA,NA,NA,NA,0
"BFA",0,0,"Burkina Faso",32.7,18677318.4,"high",0,0,"Burkina Faso","Sub-Saharan Africa","Low income","IDA","Africa","Africa",2
"BFA",1,0,"Burkina Faso",32.7,18677318.4,"high",0,0,"Burkina Faso","Sub-Saharan Africa","Low income","IDA","Africa","Africa",0
"BGD",0,4,"Bangladesh",77.1,157540165.332,"very high",0,0,"Bangladesh","South Asia","Lower middle income","IDA","Asia","Asia",2
"BGD",1,4,"Bangladesh",77.1,157540165.332,"very high",0,0,"Bangladesh","South Asia","Lower middle income","IDA","Asia","Asia",0
"BGR",0,1,"Bulgaria",17.2,7294496.561,"medium",0,0,"Bulgaria","Europe & Central Asia","High income","IBRD","Europe","Europe",4
"BGR",1,1,"Bulgaria",17.2,7294496.561,"medium",0,0,"Bulgaria","Europe & Central Asia","High income","IBRD","Europe","Europe",80
"BHR",0,1,"Bahrain",51.8,1362053.80928,"very high",0,0,"Bahrain","Middle East & North Africa","High income","","Asia","Asia",0
"BHR",1,1,"Bahrain",51.8,1362053.80928,"very high",0,0,"Bahrain","Middle East & North Africa","High income","","Asia","Asia",0
"BHS",0,0,"Bahamas",5.7,392696.9999,"very low",0,0,"Bahamas, The","Latin America & Caribbean","High income","","North America","Americas",0
"BHS",1,0,"Bahamas",5.7,392696.9999,"very low",0,0,"Bahamas, The","Latin America & Caribbean","High income","","North America","Americas",0
"BIH",0,0,"Bosnia and Herzegovina",20.1,3519876.9959,"medium",0,0,"Bosnia and Herzegovina","Europe & Central Asia","Upper middle income","IBRD","Europe","Europe",0
"BIH",1,0,"Bosnia and Herzegovina",20.1,3519876.9959,"medium",0,0,"Bosnia and Herzegovina","Europe & Central Asia","Upper middle income","IBRD","Europe","Europe",0
"BLM",0,0,"Saint-Barthélemy",5.6,9642.999994,"very low",0,0,NA,NA,NA,NA,"North America","Americas",0
"BLM",1,0,"Saint-Barthélemy",5.6,9642.999994,"very low",0,0,NA,NA,NA,NA,"North America","Americas",0
"BLR",0,0,"Belarus",12.9,9703914.493,"low",0,0,"Belarus","Europe & Central Asia","Upper middle income","IBRD","Europe","Europe",0
"BLR",1,0,"Belarus",12.9,9703914.493,"low",0,0,"Belarus","Europe & Central Asia","Upper middle income","IBRD","Europe","Europe",0
"BLZ",0,0,"Belize",10.3,357670.60895,"low",0,0,"Belize","Latin America & Caribbean","Upper middle income","Blend","North America","Americas",0
"BLZ",1,0,"Belize",10.3,357670.60895,"low",0,0,"Belize","Latin America & Caribbean","Upper middle income","Blend","North America","Americas",0
"BMU",0,0,"Bermuda",5.2,63144.000013,"very low",0,0,"Bermuda","North America","High income","","North America","Americas",0
"BMU",1,0,"Bermuda",5.2,63144.000013,"very low",0,0,"Bermuda","North America","High income","","North America","Americas",0
"BOL",0,0,"Bolivia",23,11122028.826,"medium",0,0,"Bolivia","Latin America & Caribbean","Lower middle income","IBRD","South America","Americas",1
"BOL",1,0,"Bolivia",23,11122028.826,"medium",0,0,"Bolivia","Latin America & Caribbean","Lower middle income","IBRD","South America","Americas",0
"BRA",0,2,"Brazil",13.3,205180111.37,"low",0,0,"Brazil","Latin America & Caribbean","Upper middle income","IBRD","South America","Americas",3
"BRA",1,2,"Brazil",13.3,205180111.37,"low",0,0,"Brazil","Latin America & Caribbean","Upper middle income","IBRD","South America","Americas",0
"BRB",0,0,"Barbados",13.7,278082.99991,"low",0,0,"Barbados","Latin America & Caribbean","High income","IBRD","North America","Americas",0
"BRB",1,0,"Barbados",13.7,278082.99991,"low",0,0,"Barbados","Latin America & Caribbean","High income","IBRD","North America","Americas",0
"BRN",0,1,"Brunei",15,421205.3389,"medium",0,0,"Brunei Darussalam","East Asia & Pacific","High income","","Asia","Asia",0
"BRN",1,1,"Brunei",15,421205.3389,"medium",0,0,"Brunei Darussalam","East Asia & Pacific","High income","","Asia","Asia",0
"BTN",0,0,"Bhutan",35.2,808200.6064,"very high",0,0,"Bhutan","South Asia","Lower middle income","IDA","Asia","Asia",0
"BTN",1,0,"Bhutan",35.2,808200.6064,"very high",0,0,"Bhutan","South Asia","Lower middle income","IDA","Asia","Asia",0
"BWA",0,0,"Botswana",12.7,2305984.1766,"low",0,0,"Botswana","Sub-Saharan Africa","Upper middle income","IBRD","Africa","Africa",2
"BWA",1,0,"Botswana",12.7,2305984.1766,"low",0,0,"Botswana","Sub-Saharan Africa","Upper middle income","IBRD","Africa","Africa",0
"CAF",0,0,"Central African Republic",34.3,4832052.597,"high",0,0,"Central African Republic","Sub-Saharan Africa","Low income","IDA","Africa","Africa",0
"CAF",1,0,"Central African Republic",34.3,4832052.597,"high",0,0,"Central African Republic","Sub-Saharan Africa","Low income","IDA","Africa","Africa",0
"CAN",0,7,"Canada",6.4,35718888.85,"very low",0,0,"Canada","North America","High income","","North America","Americas",6
"CAN",1,7,"Canada",6.4,35718888.85,"very low",0,0,"Canada","North America","High income","","North America","Americas",0
"CCK",0,0,"Cocos Islands",5.6,563.5686709,"very low",0,0,NA,NA,NA,NA,NA,NA,0
"CCK",1,0,"Cocos Islands",5.6,563.5686709,"very low",0,0,NA,NA,NA,NA,NA,NA,0
"CHE",0,3,"Switzerland",8.8,8240652.067,"very low",0,0,"Switzerland","Europe & Central Asia","High income","","Europe","Europe",11
"CHE",1,3,"Switzerland",8.8,8240652.067,"very low",0,0,"Switzerland","Europe & Central Asia","High income","","Europe","Europe",0
"CHL",0,6,"Chile",18.3,17870505.86,"medium",0,0,"Chile","Latin America & Caribbean","High income","IBRD","South America","Americas",2
"CHL",1,6,"Chile",18.3,17870505.86,"medium",0,0,"Chile","Latin America & Caribbean","High income","IBRD","South America","Americas",0
"CHN",0,142,"China",37.7,1401793873.9,"very high",1,0,"China","East Asia & Pacific","Upper middle income","IBRD","Asia","Asia",24
"CHN",1,142,"China",37.7,1401793873.9,"very high",1,0,"China","East Asia & Pacific","Upper middle income","IBRD","Asia","Asia",0
"CIV",0,0,"Côte d'Ivoire",21.9,23578198.716,"medium",0,0,"Côte d’Ivoire","Sub-Saharan Africa","Lower middle income","IDA","Africa","Africa",2
"CIV",1,0,"Côte d'Ivoire",21.9,23578198.716,"medium",0,0,"Côte d’Ivoire","Sub-Saharan Africa","Lower middle income","IDA","Africa","Africa",0
"CMR",0,0,"Cameroon",37,23038492.024,"very high",0,0,"Cameroon","Sub-Saharan Africa","Lower middle income","Blend","Africa","Africa",2
"CMR",1,0,"Cameroon",37,23038492.024,"very high",0,0,"Cameroon","Sub-Saharan Africa","Lower middle income","Blend","Africa","Africa",0
"COD",0,0,"Democratic Republic of the Congo",29.8,78664750.16,"high",0,0,"Congo, Dem. Rep.","Sub-Saharan Africa","Low income","IDA","Africa","Africa",0
"COD",1,0,"Democratic Republic of the Congo",29.8,78664750.16,"high",0,0,"Congo, Dem. Rep.","Sub-Saharan Africa","Low income","IDA","Africa","Africa",0
"COG",0,0,"Republic of Congo",34.2,5082311.3174,"high",0,0,"Congo, Rep.","Sub-Saharan Africa","Lower middle income","Blend","Africa","Africa",2
"COG",1,0,"Republic of Congo",34.2,5082311.3174,"high",0,0,"Congo, Rep.","Sub-Saharan Africa","Lower middle income","Blend","Africa","Africa",0
"COK",0,0,"Cook Islands",2.5,17694.999999,"very low",0,0,NA,NA,NA,NA,"Oceania","Oceania",0
"COK",1,0,"Cook Islands",2.5,17694.999999,"very low",0,0,NA,NA,NA,NA,"Oceania","Oceania",0
"COL",0,5,"Colombia",18.4,47128348.602,"medium",0,0,"Colombia","Latin America & Caribbean","Upper middle income","IBRD","South America","Americas",2
"COL",1,5,"Colombia",18.4,47128348.602,"medium",0,0,"Colombia","Latin America & Caribbean","Upper middle income","IBRD","South America","Americas",0
"COM",0,0,"Comoros",6.5,730216.0002,"very low",0,0,"Comoros","Sub-Saharan Africa","Lower middle income","IDA","Africa","Africa",0
"COM",1,0,"Comoros",6.5,730216.0002,"very low",0,0,"Comoros","Sub-Saharan Africa","Lower middle income","IDA","Africa","Africa",0
"CPV",0,0,"Cape Verde",14.1,552166.0004,"low",0,0,"Cabo Verde","Sub-Saharan Africa","Lower middle income","Blend","Africa","Africa",2
"CPV",1,0,"Cape Verde",14.1,552166.0004,"low",0,0,"Cabo Verde","Sub-Saharan Africa","Lower middle income","Blend","Africa","Africa",0
"CRI",0,0,"Costa Rica",18.1,4903346.81,"medium",0,0,"Costa Rica","Latin America & Caribbean","Upper middle income","IBRD","North America","Americas",0
"CRI",1,0,"Costa Rica",18.1,4903346.81,"medium",0,0,"Costa Rica","Latin America & Caribbean","Upper middle income","IBRD","North America","Americas",0
"CUB",0,0,"Cuba",9.3,11339894,"very low",0,0,"Cuba","Latin America & Caribbean","Upper middle income","","North America","Americas",0
"CUB",1,0,"Cuba",9.3,11339894,"very low",0,0,"Cuba","Latin America & Caribbean","Upper middle income","","North America","Americas",0
"CUW",0,0,"Curaçao",9.5,169571.99992,"very low",0,0,"Curaçao","Latin America & Caribbean","High income","","North America","Americas",0
"CUW",1,0,"Curaçao",9.5,169571.99992,"very low",0,0,"Curaçao","Latin America & Caribbean","High income","","North America","Americas",0
"CXR",0,0,"Christmas Island",6.1,2527.516634,"very low",0,0,NA,NA,NA,NA,NA,NA,0
"CXR",1,0,"Christmas Island",6.1,2527.516634,"very low",0,0,NA,NA,NA,NA,NA,NA,0
"CYM",0,0,"Cayman Islands",9.4,60910.999973,"very low",0,0,"Cayman Islands","Latin America & Caribbean","High income","","North America","Americas",0
"CYM",1,0,"Cayman Islands",9.4,60910.999973,"very low",0,0,"Cayman Islands","Latin America & Caribbean","High income","","North America","Americas",0
"CYP",0,1,"Cyprus",14.9,829545.2764,"low",0,0,"Cyprus","Europe & Central Asia","High income","","Asia","Asia",5
"CYP",1,1,"Cyprus",14.9,829545.2764,"low",0,0,"Cyprus","Europe & Central Asia","High income","","Asia","Asia",80
"CZE",0,2,"Czech Republic",13.3,10528713.864,"low",0,0,"Czechia","Europe & Central Asia","High income","","Europe","Europe",6
"CZE",1,2,"Czech Republic",13.3,10528713.864,"low",0,0,"Czechia","Europe & Central Asia","High income","","Europe","Europe",82
"DEU",0,7,"Germany",9.6,82149541.57,"very low",0,0,"Germany","Europe & Central Asia","High income","","Europe","Europe",21
"DEU",1,7,"Germany",9.6,82149541.57,"very low",0,0,"Germany","Europe & Central Asia","High income","","Europe","Europe",95
"DJI",0,0,"Djibouti",24.6,1012339.9909,"medium",0,0,"Djibouti","Middle East & North Africa","Lower middle income","IDA","Africa","Africa",0
"DJI",1,0,"Djibouti",24.6,1012339.9909,"medium",0,0,"Djibouti","Middle East & North Africa","Lower middle income","IDA","Africa","Africa",0
"DMA",0,0,"Dominica",9.1,70007.00001,"very low",0,0,"Dominica","Latin America & Caribbean","Upper middle income","Blend","North America","Americas",0
"DMA",1,0,"Dominica",9.1,70007.00001,"very low",0,0,"Dominica","Latin America & Caribbean","Upper middle income","Blend","North America","Americas",0
"DNK",0,3,"Denmark",8.9,5677894.974,"very low",0,0,"Denmark","Europe & Central Asia","High income","","Europe","Europe",19
"DNK",1,3,"Denmark",8.9,5677894.974,"very low",0,0,"Denmark","Europe & Central Asia","High income","","Europe","Europe",93
"DOM",0,0,"Dominican Republic",16.1,10391057.897,"medium",0,0,"Dominican Republic","Latin America & Caribbean","Upper middle income","IBRD","North America","Americas",0
"DOM",1,0,"Dominican Republic",16.1,10391057.897,"medium",0,0,"Dominican Republic","Latin America & Caribbean","Upper middle income","IBRD","North America","Americas",0
"DZA",0,0,"Algeria",13,39544078.244,"low",0,0,"Algeria","Middle East & North Africa","Upper middle income","IBRD","Africa","Africa",1
"DZA",1,0,"Algeria",13,39544078.244,"low",0,0,"Algeria","Middle East & North Africa","Upper middle income","IBRD","Africa","Africa",0
"ECU",0,1,"Ecuador",19.5,16196517.256,"medium",0,0,"Ecuador","Latin America & Caribbean","Upper middle income","IBRD","South America","Americas",1
"ECU",1,1,"Ecuador",19.5,16196517.256,"medium",0,0,"Ecuador","Latin America & Caribbean","Upper middle income","IBRD","South America","Americas",0
"EGY",0,1,"Egypt",50.5,97730135.631,"very high",0,0,"Egypt, Arab Rep.","Middle East & North Africa","Lower middle income","IBRD","Africa","Africa",3
"EGY",1,1,"Egypt",50.5,97730135.631,"very high",0,0,"Egypt, Arab Rep.","Middle East & North Africa","Lower middle income","IBRD","Africa","Africa",0
"ERI",0,0,"Eritrea",22.2,3326554.6487,"medium",0,0,"Eritrea","Sub-Saharan Africa","Low income","IDA","Africa","Africa",0
"ERI",1,0,"Eritrea",22.2,3326554.6487,"medium",0,0,"Eritrea","Sub-Saharan Africa","Low income","IDA","Africa","Africa",0
"ESH",0,0,"Western Sahara",41.1,491846.41847,"very high",0,0,NA,NA,NA,NA,"Africa","Africa",0
"ESH",1,0,"Western Sahara",41.1,491846.41847,"very high",0,0,NA,NA,NA,NA,"Africa","Africa",0
"ESP",0,10,"Spain",10.1,46428809.67,"low",0,0,"Spain","Europe & Central Asia","High income","","Europe","Europe",20
"ESP",1,10,"Spain",10.1,46428809.67,"low",0,0,"Spain","Europe & Central Asia","High income","","Europe","Europe",95
"EST",0,3,"Estonia",6.8,1311099.545,"very low",0,0,"Estonia","Europe & Central Asia","High income","","Europe","Europe",4
"EST",1,3,"Estonia",6.8,1311099.545,"very low",0,0,"Estonia","Europe & Central Asia","High income","","Europe","Europe",80
"ETH",0,0,"Ethiopia",25.5,102345078.66,"high",0,0,"Ethiopia","Sub-Saharan Africa","Low income","IDA","Africa","Africa",3
"ETH",1,0,"Ethiopia",25.5,102345078.66,"high",0,0,"Ethiopia","Sub-Saharan Africa","Low income","IDA","Africa","Africa",0
"FIN",0,7,"Finland",5.1,5447090.285,"very low",0,0,"Finland","Europe & Central Asia","High income","","Europe","Europe",15
"FIN",1,7,"Finland",5.1,5447090.285,"very low",0,0,"Finland","Europe & Central Asia","High income","","Europe","Europe",92
"FJI",0,0,"Fiji",5.4,917200,"very low",0,0,"Fiji","East Asia & Pacific","Upper middle income","Blend","Oceania","Oceania",0
"FJI",1,0,"Fiji",5.4,917200,"very low",0,0,"Fiji","East Asia & Pacific","Upper middle income","Blend","Oceania","Oceania",0
"FLK",0,0,"Falkland Islands",4.6,3408.000011,"very low",0,0,NA,NA,NA,NA,"South America","Americas",0
"FLK",1,0,"Falkland Islands",4.6,3408.000011,"very low",0,0,NA,NA,NA,NA,"South America","Americas",0
"FRA",0,10,"France",9.4,63821694.19,"very low",0,0,"France","Europe & Central Asia","High income","","Europe","Europe",20
"FRA",1,10,"France",9.4,63821694.19,"very low",0,0,"France","Europe & Central Asia","High income","","Europe","Europe",95
"FRO",0,0,"Faroe Islands",4.9,48815.99988,"very low",0,0,"Faroe Islands","Europe & Central Asia","High income","","Europe","Europe",0
"FRO",1,0,"Faroe Islands",4.9,48815.99988,"very low",0,0,"Faroe Islands","Europe & Central Asia","High income","","Europe","Europe",0
"GAB",0,0,"Gabon",23.7,2045204.9733,"medium",0,0,"Gabon","Sub-Saharan Africa","Upper middle income","IBRD","Africa","Africa",2
"GAB",1,0,"Gabon",23.7,2045204.9733,"medium",0,0,"Gabon","Sub-Saharan Africa","Upper middle income","IBRD","Africa","Africa",0
"GBR",0,23,"United Kingdom",9.9,65224257.284,"very low",0,0,"United Kingdom","Europe & Central Asia","High income","","Europe","Europe",10
"GBR",1,23,"United Kingdom",9.9,65224257.284,"very low",0,0,"United Kingdom","Europe & Central Asia","High income","","Europe","Europe",73
"GEO",0,1,"Georgia",15.7,3772078.135,"medium",0,0,"Georgia","Europe & Central Asia","Upper middle income","IBRD","Asia","Asia",0
"GEO",1,1,"Georgia",15.7,3772078.135,"medium",0,0,"Georgia","Europe & Central Asia","Upper middle income","IBRD","Asia","Asia",0
"GGY",0,0,"Guernsey",7.6,61629.000038,"very low",0,0,NA,NA,NA,NA,"Europe","Europe",0
"GGY",1,0,"Guernsey",7.6,61629.000038,"very low",0,0,NA,NA,NA,NA,"Europe","Europe",0
"GHA",0,3,"Ghana",26.9,28974454.991,"high",0,0,"Ghana","Sub-Saharan Africa","Lower middle income","IDA","Africa","Africa",3
"GHA",1,3,"Ghana",26.9,28974454.991,"high",0,0,"Ghana","Sub-Saharan Africa","Lower middle income","IDA","Africa","Africa",0
"GIB",0,0,"Gibraltar",10.4,30922.28492297,"low",0,0,"Gibraltar","Europe & Central Asia","High income","","Europe","Europe",0
"GIB",1,0,"Gibraltar",10.4,30922.28492297,"low",0,0,"Gibraltar","Europe & Central Asia","High income","","Europe","Europe",0
"GIN",0,0,"Guinea",24.3,11627868.888,"medium",0,0,"Guinea","Sub-Saharan Africa","Lower middle income","IDA","Africa","Africa",2
"GIN",1,0,"Guinea",24.3,11627868.888,"medium",0,0,"Guinea","Sub-Saharan Africa","Lower middle income","IDA","Africa","Africa",0
"GLP",0,0,"Guadeloupe",9.2,399088.9999,"very low",0,0,NA,NA,NA,NA,NA,NA,0
"GLP",1,0,"Guadeloupe",9.2,399088.9999,"very low",0,0,NA,NA,NA,NA,NA,NA,0
"GMB",0,0,"Gambia",30.7,2256690.1121,"high",0,0,"Gambia, The","Sub-Saharan Africa","Low income","IDA","Africa","Africa",2
"GMB",1,0,"Gambia",30.7,2256690.1121,"high",0,0,"Gambia, The","Sub-Saharan Africa","Low income","IDA","Africa","Africa",0
"GNB",0,0,"Guinea-Bissau",26.3,1789591.5445,"high",0,0,"Guinea-Bissau","Sub-Saharan Africa","Low income","IDA","Africa","Africa",0
"GNB",1,0,"Guinea-Bissau",26.3,1789591.5445,"high",0,0,"Guinea-Bissau","Sub-Saharan Africa","Low income","IDA","Africa","Africa",0
"GNQ",0,0,"Equatorial Guinea",16,1325245.7975,"medium",0,0,"Equatorial Guinea","Sub-Saharan Africa","Upper middle income","IBRD","Africa","Africa",0
"GNQ",1,0,"Equatorial Guinea",16,1325245.7975,"medium",0,0,"Equatorial Guinea","Sub-Saharan Africa","Upper middle income","IBRD","Africa","Africa",0
"GRC",0,6,"Greece",14.8,10807782.015,"low",0,0,"Greece","Europe & Central Asia","High income","","Europe","Europe",5
"GRC",1,6,"Greece",14.8,10807782.015,"low",0,0,"Greece","Europe & Central Asia","High income","","Europe","Europe",95
"GRD",0,0,"Grenada",10.9,118979.99989,"low",0,0,"Grenada","Latin America & Caribbean","Upper middle income","Blend","North America","Americas",0
"GRD",1,0,"Grenada",10.9,118979.99989,"low",0,0,"Grenada","Latin America & Caribbean","Upper middle income","Blend","North America","Americas",0
"GRL",0,0,"Greenland",2.4,55894.99993,"very low",0,0,"Greenland","Europe & Central Asia","High income","","North America","Americas",0
"GRL",1,0,"Greenland",2.4,55894.99993,"very low",0,0,"Greenland","Europe & Central Asia","High income","","North America","Americas",0
"GTM",0,1,"Guatemala",22,15997665.775,"medium",0,0,"Guatemala","Latin America & Caribbean","Upper middle income","IBRD","North America","Americas",1
"GTM",1,1,"Guatemala",22,15997665.775,"medium",0,0,"Guatemala","Latin America & Caribbean","Upper middle income","IBRD","North America","Americas",0
"GUF",0,0,"French Guiana",14.8,255862.55583,"low",0,0,NA,NA,NA,NA,NA,NA,0
"GUF",1,0,"French Guiana",14.8,255862.55583,"low",0,0,NA,NA,NA,NA,NA,NA,0
"GUM",0,0,"Guam",3.5,167977.99998,"very low",0,0,"Guam","East Asia & Pacific","High income","","Oceania","Oceania",0
"GUM",1,0,"Guam",3.5,167977.99998,"very low",0,0,"Guam","East Asia & Pacific","High income","","Oceania","Oceania",0
"GUY",0,0,"Guyana",13.2,750300.3958,"low",0,0,"Guyana","Latin America & Caribbean","High income","IDA","South America","Americas",0
"GUY",1,0,"Guyana",13.2,750300.3958,"low",0,0,"Guyana","Latin America & Caribbean","High income","IDA","South America","Americas",0
"HKG",0,5,"Hong Kong",20.2,NA,"medium",0,0,"Hong Kong SAR, China","East Asia & Pacific","High income","","Asia","Asia",2
"HKG",1,5,"Hong Kong",20.2,NA,"medium",0,0,"Hong Kong SAR, China","East Asia & Pacific","High income","","Asia","Asia",0
"HND",0,0,"Honduras",21.8,9305049.743,"medium",0,0,"Honduras","Latin America & Caribbean","Lower middle income","IDA","North America","Americas",0
"HND",1,0,"Honduras",21.8,9305049.743,"medium",0,0,"Honduras","Latin America & Caribbean","Lower middle income","IDA","North America","Americas",0
"HRV",0,1,"Croatia",13.7,4254148.74,"low",0,0,"Croatia","Europe & Central Asia","High income","IBRD","Europe","Europe",15
"HRV",1,1,"Croatia",13.7,4254148.74,"low",0,0,"Croatia","Europe & Central Asia","High income","IBRD","Europe","Europe",42
"HTI",0,0,"Haiti",13.4,10578531.102,"low",0,0,"Haiti","Latin America & Caribbean","Lower middle income","IDA","North America","Americas",0
"HTI",1,0,"Haiti",13.4,10578531.102,"low",0,0,"Haiti","Latin America & Caribbean","Lower middle income","IDA","North America","Americas",0
"HUN",0,1,"Hungary",14,9845520.657,"low",0,0,"Hungary","Europe & Central Asia","High income","","Europe","Europe",15
"HUN",1,1,"Hungary",14,9845520.657,"low",0,0,"Hungary","Europe & Central Asia","High income","","Europe","Europe",80
"IDN",0,5,"Indonesia",21.1,259083290.41,"medium",0,0,"Indonesia","East Asia & Pacific","Upper middle income","IBRD","Asia","Asia",3
"IDN",1,5,"Indonesia",21.1,259083290.41,"medium",0,0,"Indonesia","East Asia & Pacific","Upper middle income","IBRD","Asia","Asia",0
"IMN",0,0,"Isle of Man",7.3,83593.00008,"very low",0,0,"Isle of Man","Europe & Central Asia","High income","","Europe","Europe",0
"IMN",1,0,"Isle of Man",7.3,83593.00008,"very low",0,0,"Isle of Man","Europe & Central Asia","High income","","Europe","Europe",0
"IND",0,21,"India",51.4,1323107937.3,"very high",0,1,"India","South Asia","Lower middle income","IBRD","Asia","Asia",24
"IND",1,21,"India",51.4,1323107937.3,"very high",0,1,"India","South Asia","Lower middle income","IBRD","Asia","Asia",0
"IRL",0,4,"Ireland",8.9,4665866.723,"very low",0,0,"Ireland","Europe & Central Asia","High income","","Europe","Europe",5
"IRL",1,4,"Ireland",8.9,4665866.723,"very low",0,0,"Ireland","Europe & Central Asia","High income","","Europe","Europe",93
"IRN",0,13,"Iran",32.8,81764618.24,"high",0,0,"Iran, Islamic Rep.","Middle East & North Africa","Upper middle income","IBRD","Asia","Asia",1
"IRN",1,13,"Iran",32.8,81764618.24,"high",0,0,"Iran, Islamic Rep.","Middle East & North Africa","Upper middle income","IBRD","Asia","Asia",0
"IRQ",0,0,"Iraq",36.3,37758248.721,"very high",0,0,"Iraq","Middle East & North Africa","Upper middle income","IBRD","Asia","Asia",2
"IRQ",1,0,"Iraq",36.3,37758248.721,"very high",0,0,"Iraq","Middle East & North Africa","Upper middle income","IBRD","Asia","Asia",0
"ISL",0,1,"Iceland",4.7,331059.99998,"very low",0,0,"Iceland","Europe & Central Asia","High income","","Europe","Europe",11
"ISL",1,1,"Iceland",4.7,331059.99998,"very low",0,0,"Iceland","Europe & Central Asia","High income","","Europe","Europe",0
"ISR",0,0,"Israel",21.6,8006085.191,"medium",0,0,"Israel","Middle East & North Africa","High income","","Asia","Asia",0
"ISR",1,0,"Israel",21.6,8006085.191,"medium",0,0,"Israel","Middle East & North Africa","High income","","Asia","Asia",0
"ITA",0,11,"Italy",14.4,60254972.26,"low",0,0,"Italy","Europe & Central Asia","High income","","Europe","Europe",20
"ITA",1,11,"Italy",14.4,60254972.26,"low",0,0,"Italy","Europe & Central Asia","High income","","Europe","Europe",95
"JAM",0,0,"Jamaica",15.4,2794445.0005,"medium",0,0,"Jamaica","Latin America & Caribbean","Upper middle income","IBRD","North America","Americas",0
"JAM",1,0,"Jamaica",15.4,2794445.0005,"medium",0,0,"Jamaica","Latin America & Caribbean","Upper middle income","IBRD","North America","Americas",0
"JEY",0,0,"Jersey",8.3,100561.000116,"very low",0,0,NA,NA,NA,NA,"Europe","Europe",0
"JEY",1,0,"Jersey",8.3,100561.000116,"very low",0,0,NA,NA,NA,NA,"Europe","Europe",0
"JOR",0,2,"Jordan",31.4,9493248.3607,"high",0,0,"Jordan","Middle East & North Africa","Lower middle income","IBRD","Asia","Asia",3
"JOR",1,2,"Jordan",31.4,9493248.3607,"high",0,0,"Jordan","Middle East & North Africa","Lower middle income","IBRD","Asia","Asia",0
"JPN",0,3,"Japan",13.6,127250931.89,"low",0,0,"Japan","East Asia & Pacific","High income","","Asia","Asia",18
"JPN",1,3,"Japan",13.6,127250931.89,"low",0,0,"Japan","East Asia & Pacific","High income","","Asia","Asia",0
"KAZ",0,0,"Kazakhstan",18.3,17837537.223,"medium",0,0,"Kazakhstan","Europe & Central Asia","Upper middle income","IBRD","Asia","Asia",3
"KAZ",1,0,"Kazakhstan",18.3,17837537.223,"medium",0,0,"Kazakhstan","Europe & Central Asia","Upper middle income","IBRD","Asia","Asia",0
"KEN",0,0,"Kenya",20.7,46966103.845,"medium",0,0,"Kenya","Sub-Saharan Africa","Lower middle income","Blend","Africa","Africa",4
"KEN",1,0,"Kenya",20.7,46966103.845,"medium",0,0,"Kenya","Sub-Saharan Africa","Lower middle income","Blend","Africa","Africa",0
"KGZ",0,0,"Kyrgyzstan",20.5,5784506.115,"medium",0,0,"Kyrgyz Republic","Europe & Central Asia","Lower middle income","IDA","Asia","Asia",3
"KGZ",1,0,"Kyrgyzstan",20.5,5784506.115,"medium",0,0,"Kyrgyz Republic","Europe & Central Asia","Lower middle income","IDA","Asia","Asia",0
"KHM",0,1,"Cambodia",22.7,15409796.658,"medium",0,0,"Cambodia","East Asia & Pacific","Lower middle income","IDA","Asia","Asia",0
"KHM",1,1,"Cambodia",22.7,15409796.658,"medium",0,0,"Cambodia","East Asia & Pacific","Lower middle income","IDA","Asia","Asia",0
"KIR",0,0,"Kiribati",3.6,116706.99998,"very low",0,0,"Kiribati","East Asia & Pacific","Lower middle income","IDA","Oceania","Oceania",0
"KIR",1,0,"Kiribati",3.6,116706.99998,"very low",0,0,"Kiribati","East Asia & Pacific","Lower middle income","IDA","Oceania","Oceania",0
"KNA",0,0,"Saint Kitts and Nevis",7.8,47790.00006,"very low",0,0,"St. Kitts and Nevis","Latin America & Caribbean","High income","IBRD","North America","Americas",0
"KNA",1,0,"Saint Kitts and Nevis",7.8,47790.00006,"very low",0,0,"St. Kitts and Nevis","Latin America & Caribbean","High income","IBRD","North America","Americas",0
"KOR",0,20,"South Korea",24.3,50994550.335,"medium",0,0,"Korea, Rep.","East Asia & Pacific","High income","","Asia","Asia",18
"KOR",1,20,"South Korea",24.3,50994550.335,"medium",0,0,"Korea, Rep.","East Asia & Pacific","High income","","Asia","Asia",0
"KWT",0,0,"Kuwait",56.6,3908967.1646,"very high",0,0,"Kuwait","Middle East & North Africa","High income","","Asia","Asia",1
"KWT",1,0,"Kuwait",56.6,3908967.1646,"very high",0,0,"Kuwait","Middle East & North Africa","High income","","Asia","Asia",0
"LAO",0,0,"Laos",25.7,6811332.9584,"high",0,0,"Lao PDR","East Asia & Pacific","Lower middle income","IDA","Asia","Asia",0
"LAO",1,0,"Laos",25.7,6811332.9584,"high",0,0,"Lao PDR","East Asia & Pacific","Lower middle income","IDA","Asia","Asia",0
"LBN",0,3,"Lebanon",30.8,6385091.402,"high",0,0,"Lebanon","Middle East & North Africa","Lower middle income","IBRD","Asia","Asia",3
"LBN",1,3,"Lebanon",30.8,6385091.402,"high",0,0,"Lebanon","Middle East & North Africa","Lower middle income","IBRD","Asia","Asia",0
"LBR",0,0,"Liberia",18,4615232.7046,"medium",0,0,"Liberia","Sub-Saharan Africa","Low income","IDA","Africa","Africa",2
"LBR",1,0,"Liberia",18,4615232.7046,"medium",0,0,"Liberia","Sub-Saharan Africa","Low income","IDA","Africa","Africa",0
"LBY",0,0,"Libya",19.3,6191982.845,"medium",0,0,"Libya","Middle East & North Africa","Upper middle income","IBRD","Africa","Africa",2
"LBY",1,0,"Libya",19.3,6191982.845,"medium",0,0,"Libya","Middle East & North Africa","Upper middle income","IBRD","Africa","Africa",0
"LCA",0,0,"Saint Lucia",12.6,175622.99988,"low",0,0,"St. Lucia","Latin America & Caribbean","Upper middle income","Blend","North America","Americas",0
"LCA",1,0,"Saint Lucia",12.6,175622.99988,"low",0,0,"St. Lucia","Latin America & Caribbean","Upper middle income","Blend","North America","Americas",0
"LIE",0,0,"Liechtenstein",8.6,37173.459498,"very low",0,0,"Liechtenstein","Europe & Central Asia","High income","","Europe","Europe",0
"LIE",1,0,"Liechtenstein",8.6,37173.459498,"very low",0,0,"Liechtenstein","Europe & Central Asia","High income","","Europe","Europe",0
"LKA",0,0,"Sri Lanka",20.6,21336697.003,"medium",0,0,"Sri Lanka","South Asia","Lower middle income","IDA","Asia","Asia",0
"LKA",1,0,"Sri Lanka",20.6,21336697.003,"medium",0,0,"Sri Lanka","South Asia","Lower middle income","IDA","Asia","Asia",0
"LSO",0,0,"Lesotho",59.1,2117932.4656,"very high",0,0,"Lesotho","Sub-Saharan Africa","Lower middle income","IDA","Africa","Africa",2
"LSO",1,0,"Lesotho",59.1,2117932.4656,"very high",0,0,"Lesotho","Sub-Saharan Africa","Lower middle income","IDA","Africa","Africa",0
"LTU",0,1,"Lithuania",10.7,2965336.0678,"low",0,0,"Lithuania","Europe & Central Asia","High income","","Europe","Europe",15
"LTU",1,1,"Lithuania",10.7,2965336.0678,"low",0,0,"Lithuania","Europe & Central Asia","High income","","Europe","Europe",80
"LUX",0,1,"Luxembourg",8.7,564745.4612,"very low",0,0,"Luxembourg","Europe & Central Asia","High income","","Europe","Europe",4
"LUX",1,1,"Luxembourg",8.7,564745.4612,"very low",0,0,"Luxembourg","Europe & Central Asia","High income","","Europe","Europe",93
"LVA",0,2,"Latvia",9.3,1992345.4992,"very low",0,0,"Latvia","Europe & Central Asia","High income","","Europe","Europe",4
"LVA",1,2,"Latvia",9.3,1992345.4992,"very low",0,0,"Latvia","Europe & Central Asia","High income","","Europe","Europe",80
"MAC",0,NA,NA,NA,NA,NA,0,0,"Macao SAR, China","East Asia & Pacific","High income","","Asia","Asia",1
"MAC",1,NA,NA,NA,NA,NA,0,0,"Macao SAR, China","East Asia & Pacific","High income","","Asia","Asia",0
"MAR",0,0,"Morocco",14.3,34682354.769,"low",0,0,"Morocco","Middle East & North Africa","Lower middle income","IBRD","Africa","Africa",4
"MAR",1,0,"Morocco",14.3,34682354.769,"low",0,0,"Morocco","Middle East & North Africa","Lower middle income","IBRD","Africa","Africa",0
"MCO",0,0,"Monaco",10,36661.26966,"low",0,0,"Monaco","Europe & Central Asia","High income","","Europe","Europe",0
"MCO",1,0,"Monaco",10,36661.26966,"low",0,0,"Monaco","Europe & Central Asia","High income","","Europe","Europe",0
"MDA",0,0,"Moldova",13.5,3282187.079,"low",0,0,"Moldova","Europe & Central Asia","Upper middle income","IBRD","Europe","Europe",0
"MDA",1,0,"Moldova",13.5,3282187.079,"low",0,0,"Moldova","Europe & Central Asia","Upper middle income","IBRD","Europe","Europe",0
"MDG",0,0,"Madagascar",10.2,24850912.002,"low",0,0,"Madagascar","Sub-Saharan Africa","Low income","IDA","Africa","Africa",2
"MDG",1,0,"Madagascar",10.2,24850912.002,"low",0,0,"Madagascar","Sub-Saharan Africa","Low income","IDA","Africa","Africa",0
"MDV",0,0,"Maldives",11.9,435582.00007,"low",0,0,"Maldives","South Asia","Upper middle income","IDA","Seven seas (open ocean)","Asia",1
"MDV",1,0,"Maldives",11.9,435582.00007,"low",0,0,"Maldives","South Asia","Upper middle income","IDA","Seven seas (open ocean)","Asia",0
"MEX",0,9,"Mexico",17.4,120128231.05,"medium",0,0,"Mexico","Latin America & Caribbean","Upper middle income","IBRD","North America","Americas",2
"MEX",1,9,"Mexico",17.4,120128231.05,"medium",0,0,"Mexico","Latin America & Caribbean","Upper middle income","IBRD","North America","Americas",0
"MHL",0,0,"Marshall Islands",3.2,49410.00001,"very low",0,0,"Marshall Islands","East Asia & Pacific","Upper middle income","IDA","Oceania","Oceania",0
"MHL",1,0,"Marshall Islands",3.2,49410.00001,"very low",0,0,"Marshall Islands","East Asia & Pacific","Upper middle income","IDA","Oceania","Oceania",0
"MKD",0,1,"Macedonia",20.3,2107669.836,"medium",0,0,"North Macedonia","Europe & Central Asia","Upper middle income","IBRD","Europe","Europe",4
"MKD",1,1,"Macedonia",20.3,2107669.836,"medium",0,0,"North Macedonia","Europe & Central Asia","Upper middle income","IBRD","Europe","Europe",0
"MLI",0,0,"Mali",32.5,18114840.393,"high",0,0,"Mali","Sub-Saharan Africa","Low income","IDA","Africa","Africa",2
"MLI",1,0,"Mali",32.5,18114840.393,"high",0,0,"Mali","Sub-Saharan Africa","Low income","IDA","Africa","Africa",0
"MLT",0,1,"Malta",11.9,456578.99994,"low",0,0,"Malta","Middle East & North Africa","High income","","Europe","Europe",4
"MLT",1,1,"Malta",11.9,456578.99994,"low",0,0,"Malta","Middle East & North Africa","High income","","Europe","Europe",55
"MMR",0,1,"Myanmar",32.7,51471274.35,"high",0,0,"Myanmar","East Asia & Pacific","Lower middle income","IDA","Asia","Asia",2
"MMR",1,1,"Myanmar",32.7,51471274.35,"high",0,0,"Myanmar","East Asia & Pacific","Lower middle income","IDA","Asia","Asia",0
"MNE",0,1,"Montenegro",13,633373.0467,"low",0,0,"Montenegro","Europe & Central Asia","Upper middle income","IBRD","Europe","Europe",4
"MNE",1,1,"Montenegro",13,633373.0467,"low",0,0,"Montenegro","Europe & Central Asia","Upper middle income","IBRD","Europe","Europe",29
"MNG",0,1,"Mongolia",26.3,2961148.2406,"high",0,0,"Mongolia","East Asia & Pacific","Upper middle income","IBRD","Asia","Asia",2
"MNG",1,1,"Mongolia",26.3,2961148.2406,"high",0,0,"Mongolia","East Asia & Pacific","Upper middle income","IBRD","Asia","Asia",0
"MNP",0,0,"Northern Mariana Islands",3.2,51513.99997,"very low",0,0,"Northern Mariana Islands","East Asia & Pacific","High income","","Oceania","Oceania",0
"MNP",1,0,"Northern Mariana Islands",3.2,51513.99997,"very low",0,0,"Northern Mariana Islands","East Asia & Pacific","High income","","Oceania","Oceania",0
"MOZ",0,0,"Mozambique",11.5,26874712.887,"low",0,0,"Mozambique","Sub-Saharan Africa","Low income","IDA","Africa","Africa",2
"MOZ",1,0,"Mozambique",11.5,26874712.887,"low",0,0,"Mozambique","Sub-Saharan Africa","Low income","IDA","Africa","Africa",0
"MRT",0,0,"Mauritania",38.2,3936260.9543,"very high",0,0,"Mauritania","Sub-Saharan Africa","Lower middle income","IDA","Africa","Africa",3
"MRT",1,0,"Mauritania",38.2,3936260.9543,"very high",0,0,"Mauritania","Sub-Saharan Africa","Lower middle income","IDA","Africa","Africa",0
"MSR",0,0,"Montserrat",8.8,5058.999997,"very low",0,0,NA,NA,NA,NA,"North America","Americas",0
"MSR",1,0,"Montserrat",8.8,5058.999997,"very low",0,0,NA,NA,NA,NA,"North America","Americas",0
"MTQ",0,0,"Martinique",11.7,383514.99989,"low",0,0,NA,NA,NA,NA,NA,NA,0
"MTQ",1,0,"Martinique",11.7,383514.99989,"low",0,0,NA,NA,NA,NA,NA,NA,0
"MUS",0,0,"Mauritius",12.5,1293152.9999,"low",0,0,"Mauritius","Sub-Saharan Africa","Upper middle income","IBRD","Seven seas (open ocean)","Africa",2
"MUS",1,0,"Mauritius",12.5,1293152.9999,"low",0,0,"Mauritius","Sub-Saharan Africa","Upper middle income","IBRD","Seven seas (open ocean)","Africa",0
"MWI",0,0,"Malawi",14.5,16907389.578,"low",0,0,"Malawi","Sub-Saharan Africa","Low income","IDA","Africa","Africa",2
"MWI",1,0,"Malawi",14.5,16907389.578,"low",0,0,"Malawi","Sub-Saharan Africa","Low income","IDA","Africa","Africa",0
"MYS",0,14,"Malaysia",20.9,31081433.179,"medium",0,0,"Malaysia","East Asia & Pacific","Upper middle income","IBRD","Asia","Asia",4
"MYS",1,14,"Malaysia",20.9,31081433.179,"medium",0,0,"Malaysia","East Asia & Pacific","Upper middle income","IBRD","Asia","Asia",0
"MYT",0,0,"Mayotte",6.5,249545.0001,"very low",0,0,NA,NA,NA,NA,NA,NA,0
"MYT",1,0,"Mayotte",6.5,249545.0001,"very low",0,0,NA,NA,NA,NA,NA,NA,0
"NAM",0,0,"Namibia",12.7,2282695.4977,"low",0,0,"Namibia","Sub-Saharan Africa","Upper middle income","IBRD","Africa","Africa",2
"NAM",1,0,"Namibia",12.7,2282695.4977,"low",0,0,"Namibia","Sub-Saharan Africa","Upper middle income","IBRD","Africa","Africa",0
"NCL",0,0,"New Caledonia",4.3,283035.05878,"very low",0,0,"New Caledonia","East Asia & Pacific","High income","","Oceania","Oceania",0
"NCL",1,0,"New Caledonia",4.3,283035.05878,"very low",0,0,"New Caledonia","East Asia & Pacific","High income","","Oceania","Oceania",0
"NER",0,0,"Niger",42.7,20142084.567,"very high",0,0,"Niger","Sub-Saharan Africa","Low income","IDA","Africa","Africa",2
"NER",1,0,"Niger",42.7,20142084.567,"very high",0,0,"Niger","Sub-Saharan Africa","Low income","IDA","Africa","Africa",0
"NFK",0,0,"Norfolk Island",3.7,2286.833838,"very low",0,0,NA,NA,NA,NA,"Oceania","Oceania",0
"NFK",1,0,"Norfolk Island",3.7,2286.833838,"very low",0,0,NA,NA,NA,NA,"Oceania","Oceania",0
"NGA",0,1,"Nigeria",41.2,183943676.88,"very high",0,0,"Nigeria","Sub-Saharan Africa","Lower middle income","Blend","Africa","Africa",4
"NGA",1,1,"Nigeria",41.2,183943676.88,"very high",0,0,"Nigeria","Sub-Saharan Africa","Lower middle income","Blend","Africa","Africa",0
"NIC",0,0,"Nicaragua",15.7,6287809.607,"medium",0,0,"Nicaragua","Latin America & Caribbean","Lower middle income","IDA","North America","Americas",2
"NIC",1,0,"Nicaragua",15.7,6287809.607,"medium",0,0,"Nicaragua","Latin America & Caribbean","Lower middle income","IDA","North America","Americas",0
"NIU",0,0,"Niue",3.2,1847.000004,"very low",0,0,NA,NA,NA,NA,"Oceania","Oceania",0
"NIU",1,0,"Niue",3.2,1847.000004,"very low",0,0,NA,NA,NA,NA,"Oceania","Oceania",0
"NLD",0,4,"Netherlands",11,17025763.116,"low",0,0,"Netherlands","Europe & Central Asia","High income","","Europe","Europe",10
"NLD",1,4,"Netherlands",11,17025763.116,"low",0,0,"Netherlands","Europe & Central Asia","High income","","Europe","Europe",95
"NOR",0,3,"Norway",5.5,5187607.031,"very low",0,0,"Norway","Europe & Central Asia","High income","","Europe","Europe",11
"NOR",1,3,"Norway",5.5,5187607.031,"very low",0,0,"Norway","Europe & Central Asia","High income","","Europe","Europe",0
"NPL",0,2,"Nepal",44.2,27586971.354,"very high",0,0,"Nepal","South Asia","Lower middle income","IDA","Asia","Asia",0
"NPL",1,2,"Nepal",44.2,27586971.354,"very high",0,0,"Nepal","South Asia","Lower middle income","IDA","Asia","Asia",0
"NRU",0,0,"Nauru",4.3,11184.999964,"very low",0,0,"Nauru","East Asia & Pacific","High income","IBRD","Oceania","Oceania",0
"NRU",1,0,"Nauru",4.3,11184.999964,"very low",0,0,"Nauru","East Asia & Pacific","High income","IBRD","Oceania","Oceania",0
"NZL",0,1,"New Zealand",7.8,4590585.058,"very low",0,0,"New Zealand","East Asia & Pacific","High income","","Oceania","Oceania",12
"NZL",1,1,"New Zealand",7.8,4590585.058,"very low",0,0,"New Zealand","East Asia & Pacific","High income","","Oceania","Oceania",0
"OMN",0,2,"Oman",34.7,4237809.064,"high",0,0,"Oman","Middle East & North Africa","High income","","Asia","Asia",0
"OMN",1,2,"Oman",34.7,4237809.064,"high",0,0,"Oman","Middle East & North Africa","High income","","Asia","Asia",0
"PAK",0,10,"Pakistan",46.4,210923972.87,"very high",0,0,"Pakistan","South Asia","Lower middle income","Blend","Asia","Asia",2
"PAK",1,10,"Pakistan",46.4,210923972.87,"very high",0,0,"Pakistan","South Asia","Lower middle income","Blend","Asia","Asia",0
"PAN",0,0,"Panama",16.5,3951603.2638,"medium",0,0,"Panama","Latin America & Caribbean","High income","IBRD","North America","Americas",0
"PAN",1,0,"Panama",16.5,3951603.2638,"medium",0,0,"Panama","Latin America & Caribbean","High income","IBRD","North America","Americas",0
"PCN",0,0,"Pitcairn Islands",2.4,65.30609376,"very low",0,0,NA,NA,NA,NA,"Oceania","Oceania",0
"PCN",1,0,"Pitcairn Islands",2.4,65.30609376,"very low",0,0,NA,NA,NA,NA,"Oceania","Oceania",0
"PER",0,0,"Peru",18.6,30713140.732,"medium",0,0,"Peru","Latin America & Caribbean","Upper middle income","IBRD","South America","Americas",2
"PER",1,0,"Peru",18.6,30713140.732,"medium",0,0,"Peru","Latin America & Caribbean","Upper middle income","IBRD","South America","Americas",0
"PHL",0,3,"Philippines",19.2,103031365,"medium",0,0,"Philippines","East Asia & Pacific","Lower middle income","IBRD","Asia","Asia",14
"PHL",1,3,"Philippines",19.2,103031365,"medium",0,0,"Philippines","East Asia & Pacific","Lower middle income","IBRD","Asia","Asia",0
"PLW",0,0,"Palau",4.9,17794.000018,"very low",0,0,"Palau","East Asia & Pacific","High income","IBRD","Oceania","Oceania",0
"PLW",1,0,"Palau",4.9,17794.000018,"very low",0,0,"Palau","East Asia & Pacific","High income","IBRD","Oceania","Oceania",0
"PNG",0,0,"Papua New Guinea",12.8,8676579.2521,"low",0,0,"Papua New Guinea","East Asia & Pacific","Lower middle income","Blend","Oceania","Oceania",0
"PNG",1,0,"Papua New Guinea",12.8,8676579.2521,"low",0,0,"Papua New Guinea","East Asia & Pacific","Lower middle income","Blend","Oceania","Oceania",0
"POL",0,10,"Poland",17.2,38527290.78,"medium",0,0,"Poland","Europe & Central Asia","High income","IBRD","Europe","Europe",6
"POL",1,10,"Poland",17.2,38527290.78,"medium",0,0,"Poland","Europe & Central Asia","High income","IBRD","Europe","Europe",82
"PRI",0,0,"Puerto Rico",7.4,3497334.9998,"very low",0,0,"Puerto Rico","Latin America & Caribbean","High income","","North America","Americas",1
"PRI",1,0,"Puerto Rico",7.4,3497334.9998,"very low",0,0,"Puerto Rico","Latin America & Caribbean","High income","","North America","Americas",0
"PRK",0,0,"North Korea",24.9,25183141.62,"medium",0,0,"Korea, Dem. People's Rep.","East Asia & Pacific","Low income","","Asia","Asia",0
"PRK",1,0,"North Korea",24.9,25183141.62,"medium",0,0,"Korea, Dem. People's Rep.","East Asia & Pacific","Low income","","Asia","Asia",0
"PRT",0,8,"Portugal",8.7,10365900.406,"very low",0,0,"Portugal","Europe & Central Asia","High income","","Europe","Europe",4
"PRT",1,8,"Portugal",8.7,10365900.406,"very low",0,0,"Portugal","Europe & Central Asia","High income","","Europe","Europe",93
"PRY",0,0,"Paraguay",15.4,6165043.994,"medium",0,0,"Paraguay","Latin America & Caribbean","Upper middle income","IBRD","South America","Americas",0
"PRY",1,0,"Paraguay",15.4,6165043.994,"medium",0,0,"Paraguay","Latin America & Caribbean","Upper middle income","IBRD","South America","Americas",0
"PSE",0,0,"Palestina",23.3,4476781.9278,"medium",0,0,"West Bank and Gaza","Middle East & North Africa","Lower middle income","","Asia","Asia",2
"PSE",1,0,"Palestina",23.3,4476781.9278,"medium",0,0,"West Bank and Gaza","Middle East & North Africa","Lower middle income","","Asia","Asia",0
"PYF",0,0,"French Polynesia",2.6,291786.99992,"very low",0,0,"French Polynesia","East Asia & Pacific","High income","","Oceania","Oceania",0
"PYF",1,0,"French Polynesia",2.6,291786.99992,"very low",0,0,"French Polynesia","East Asia & Pacific","High income","","Oceania","Oceania",0
"QAT",0,0,"Qatar",72,2415319.3258,"very high",0,0,"Qatar","Middle East & North Africa","High income","","Asia","Asia",0
"QAT",1,0,"Qatar",72,2415319.3258,"very high",0,0,"Qatar","Middle East & North Africa","High income","","Asia","Asia",0
"REU",0,0,"Reunion",6.7,922495.00016,"very low",0,0,NA,NA,NA,NA,NA,NA,0
"REU",1,0,"Reunion",6.7,922495.00016,"very low",0,0,NA,NA,NA,NA,NA,NA,0
"ROU",0,2,"Romania",16.1,19913237.941,"medium",0,0,"Romania","Europe & Central Asia","High income","IBRD","Europe","Europe",5
"ROU",1,2,"Romania",16.1,19913237.941,"medium",0,0,"Romania","Europe & Central Asia","High income","IBRD","Europe","Europe",80
"RUS",0,1,"Russia",13.1,144497553.24,"low",0,0,"Russian Federation","Europe & Central Asia","High income","IBRD","Europe","Europe",14
"RUS",1,1,"Russia",13.1,144497553.24,"low",0,0,"Russian Federation","Europe & Central Asia","High income","IBRD","Europe","Europe",0
"RWA",0,1,"Rwanda",30.3,11617555.454,"high",0,0,"Rwanda","Sub-Saharan Africa","Low income","IDA","Africa","Africa",0
"RWA",1,1,"Rwanda",30.3,11617555.454,"high",0,0,"Rwanda","Sub-Saharan Africa","Low income","IDA","Africa","Africa",0
"SAU",0,1,"Saudi Arabia",57.3,32784619.5,"very high",0,0,"Saudi Arabia","Middle East & North Africa","High income","","Asia","Asia",0
"SAU",1,1,"Saudi Arabia",57.3,32784619.5,"very high",0,0,"Saudi Arabia","Middle East & North Africa","High income","","Asia","Asia",0
"SDN",0,0,"Sudan",29.6,38211004.412,"high",0,0,"Sudan","Sub-Saharan Africa","Low income","IDA","Africa","Africa",3
"SDN",1,0,"Sudan",29.6,38211004.412,"high",0,0,"Sudan","Sub-Saharan Africa","Low income","IDA","Africa","Africa",0
"SEN",0,1,"Senegal",31.8,14371998.752,"high",0,0,"Senegal","Sub-Saharan Africa","Lower middle income","IDA","Africa","Africa",3
"SEN",1,1,"Senegal",31.8,14371998.752,"high",0,0,"Senegal","Sub-Saharan Africa","Lower middle income","IDA","Africa","Africa",0
"SGP",0,6,"Singapore",23.3,5650073.984147,"medium",0,0,"Singapore","East Asia & Pacific","High income","","Asia","Asia",3
"SGP",1,6,"Singapore",23.3,5650073.984147,"medium",0,0,"Singapore","East Asia & Pacific","High income","","Asia","Asia",0
"SHN",0,0,"Saint Helena",3.5,5496.999991,"very low",0,0,NA,NA,NA,NA,"Seven seas (open ocean)","Africa",0
"SHN",1,0,"Saint Helena",3.5,5496.999991,"very low",0,0,NA,NA,NA,NA,"Seven seas (open ocean)","Africa",0
"SLB",0,0,"Solomon Islands",6.5,612660.00021,"very low",0,0,"Solomon Islands","East Asia & Pacific","Lower middle income","IDA","Oceania","Oceania",0
"SLB",1,0,"Solomon Islands",6.5,612660.00021,"very low",0,0,"Solomon Islands","East Asia & Pacific","Lower middle income","IDA","Oceania","Oceania",0
"SLE",0,0,"Sierra Leone",18.5,7310110.355,"medium",0,0,"Sierra Leone","Sub-Saharan Africa","Low income","IDA","Africa","Africa",2
"SLE",1,0,"Sierra Leone",18.5,7310110.355,"medium",0,0,"Sierra Leone","Sub-Saharan Africa","Low income","IDA","Africa","Africa",0
"SLV",0,0,"El Salvador",24.6,6228156.686,"medium",0,0,"El Salvador","Latin America & Caribbean","Upper middle income","IBRD","North America","Americas",1
"SLV",1,0,"El Salvador",24.6,6228156.686,"medium",0,0,"El Salvador","Latin America & Caribbean","Upper middle income","IBRD","North America","Americas",0
"SMR",0,0,"San Marino",11.7,31708.269159,"low",0,0,"San Marino","Europe & Central Asia","High income","","Europe","Europe",0
"SMR",1,0,"San Marino",11.7,31708.269159,"low",0,0,"San Marino","Europe & Central Asia","High income","","Europe","Europe",0
"SOM",0,0,"Somalia",12.1,13804335.713,"low",0,0,"Somalia","Sub-Saharan Africa","Low income","IDA","Africa","Africa",0
"SOM",1,0,"Somalia",12.1,13804335.713,"low",0,0,"Somalia","Sub-Saharan Africa","Low income","IDA","Africa","Africa",0
"SPM",0,0,"Saint Pierre and Miquelon",3.8,5977.999999,"very low",0,0,NA,NA,NA,NA,"North America","Americas",0
"SPM",1,0,"Saint Pierre and Miquelon",3.8,5977.999999,"very low",0,0,NA,NA,NA,NA,"North America","Americas",0
"SRB",0,3,"Serbia",18.5,7574464.654,"medium",0,0,"Serbia","Europe & Central Asia","Upper middle income","IBRD","Europe","Europe",5
"SRB",1,3,"Serbia",18.5,7574464.654,"medium",0,0,"Serbia","Europe & Central Asia","Upper middle income","IBRD","Europe","Europe",0
"SSD",0,0,"South Sudan",21.6,11156261.732,"medium",0,0,"South Sudan","Sub-Saharan Africa","Low income","IDA","Africa","Africa",0
"SSD",1,0,"South Sudan",21.6,11156261.732,"medium",0,0,"South Sudan","Sub-Saharan Africa","Low income","IDA","Africa","Africa",0
"STP",0,0,"São Tomé and Príncipe",14.6,201123.99994,"low",0,0,"São Tomé and Príncipe","Sub-Saharan Africa","Lower middle income","IDA","Africa","Africa",2
"STP",1,0,"São Tomé and Príncipe",14.6,201123.99994,"low",0,0,"São Tomé and Príncipe","Sub-Saharan Africa","Lower middle income","IDA","Africa","Africa",0
"SUR",0,0,"Suriname",15.4,581633.9297,"medium",0,0,"Suriname","Latin America & Caribbean","Upper middle income","IBRD","South America","Americas",0
"SUR",1,0,"Suriname",15.4,581633.9297,"medium",0,0,"Suriname","Latin America & Caribbean","Upper middle income","IBRD","South America","Americas",0
"SVK",0,1,"Slovakia",14.1,5424020.0425,"low",0,0,"Slovak Republic","Europe & Central Asia","High income","","Europe","Europe",16
"SVK",1,1,"Slovakia",14.1,5424020.0425,"low",0,0,"Slovak Republic","Europe & Central Asia","High income","","Europe","Europe",80
"SVN",0,2,"Slovenia",13.3,2047926.18,"low",0,0,"Slovenia","Europe & Central Asia","High income","","Europe","Europe",15
"SVN",1,2,"Slovenia",13.3,2047926.18,"low",0,0,"Slovenia","Europe & Central Asia","High income","","Europe","Europe",80
"SWE",0,8,"Sweden",5.8,9850041.32,"very low",0,0,"Sweden","Europe & Central Asia","High income","","Europe","Europe",20
"SWE",1,8,"Sweden",5.8,9850041.32,"very low",0,0,"Sweden","Europe & Central Asia","High income","","Europe","Europe",90
"SWZ",0,0,"Swaziland",14.9,1136672.32528,"low",0,0,"Eswatini","Sub-Saharan Africa","Lower middle income","Blend","Africa","Africa",2
"SWZ",1,0,"Swaziland",14.9,1136672.32528,"low",0,0,"Eswatini","Sub-Saharan Africa","Lower middle income","Blend","Africa","Africa",0
"SXM",0,0,"Sint Maarten",7.9,39267.390083,"very low",0,0,"Sint Maarten (Dutch part)","Latin America & Caribbean","High income","","North America","Americas",0
"SXM",1,0,"Sint Maarten",7.9,39267.390083,"very low",0,0,"Sint Maarten (Dutch part)","Latin America & Caribbean","High income","","North America","Americas",0
"SYC",0,0,"Seychelles",5.6,99240.00012,"very low",0,0,"Seychelles","Sub-Saharan Africa","High income","IBRD","Seven seas (open ocean)","Africa",2
"SYC",1,0,"Seychelles",5.6,99240.00012,"very low",0,0,"Seychelles","Sub-Saharan Africa","High income","IBRD","Seven seas (open ocean)","Africa",0
"SYR",0,0,"Syria",26.2,19214802.745,"high",0,0,"Syrian Arab Republic","Middle East & North Africa","Low income","IDA","Asia","Asia",0
"SYR",1,0,"Syria",26.2,19214802.745,"high",0,0,"Syrian Arab Republic","Middle East & North Africa","Low income","IDA","Asia","Asia",0
"TCA",0,0,"Turks and Caicos Islands",5.9,36538.00003,"very low",0,0,"Turks and Caicos Islands","Latin America & Caribbean","High income","","North America","Americas",0
"TCA",1,0,"Turks and Caicos Islands",5.9,36538.00003,"very low",0,0,"Turks and Caicos Islands","Latin America & Caribbean","High income","","North America","Americas",0
"TCD",0,0,"Chad",36.5,14125227.669,"very high",0,0,"Chad","Sub-Saharan Africa","Low income","IDA","Africa","Africa",0
"TCD",1,0,"Chad",36.5,14125227.669,"very high",0,0,"Chad","Sub-Saharan Africa","Low income","IDA","Africa","Africa",0
"TGO",0,0,"Togo",30,7430917.711,"high",0,0,"Togo","Sub-Saharan Africa","Low income","IDA","Africa","Africa",2
"TGO",1,0,"Togo",30,7430917.711,"high",0,0,"Togo","Sub-Saharan Africa","Low income","IDA","Africa","Africa",0
"THA",0,6,"Thailand",25.2,70317465.6,"high",0,0,"Thailand","East Asia & Pacific","Upper middle income","IBRD","Asia","Asia",14
"THA",1,6,"Thailand",25.2,70317465.6,"high",0,0,"Thailand","East Asia & Pacific","Upper middle income","IBRD","Asia","Asia",0
"TJK",0,0,"Tajikistan",29.2,8535910.108,"high",0,0,"Tajikistan","Europe & Central Asia","Lower middle income","IDA","Asia","Asia",3
"TJK",1,0,"Tajikistan",29.2,8535910.108,"high",0,0,"Tajikistan","Europe & Central Asia","Lower middle income","IDA","Asia","Asia",0
"TKL",0,0,"Tokelau",3,1453.999996,"very low",0,0,NA,NA,NA,NA,NA,NA,0
"TKL",1,0,"Tokelau",3,1453.999996,"very low",0,0,NA,NA,NA,NA,NA,NA,0
"TKM",0,0,"Turkmenistan",21.3,5773821.721,"medium",0,0,"Turkmenistan","Europe & Central Asia","Upper middle income","IBRD","Asia","Asia",2
"TKM",1,0,"Turkmenistan",21.3,5773821.721,"medium",0,0,"Turkmenistan","Europe & Central Asia","Upper middle income","IBRD","Asia","Asia",0
"TLS",0,0,"Timor-Leste",12,1206734.0018,"low",0,0,"Timor-Leste","East Asia & Pacific","Lower middle income","Blend","Asia","Asia",0
"TLS",1,0,"Timor-Leste",12,1206734.0018,"low",0,0,"Timor-Leste","East Asia & Pacific","Lower middle income","Blend","Asia","Asia",0
"TON",0,0,"Tonga",4,106121.99996,"very low",0,0,"Tonga","East Asia & Pacific","Upper middle income","IDA","Oceania","Oceania",0
"TON",1,0,"Tonga",4,106121.99996,"very low",0,0,"Tonga","East Asia & Pacific","Upper middle income","IDA","Oceania","Oceania",0
"TTO",0,0,"Trinidad and Tobago",12.5,1460176.9998,"low",0,0,"Trinidad and Tobago","Latin America & Caribbean","High income","IBRD","North America","Americas",0
"TTO",1,0,"Trinidad and Tobago",12.5,1460176.9998,"low",0,0,"Trinidad and Tobago","Latin America & Caribbean","High income","IBRD","North America","Americas",0
"TUN",0,0,"Tunisia",13.4,11558257.67,"low",0,0,"Tunisia","Middle East & North Africa","Lower middle income","IBRD","Africa","Africa",5
"TUN",1,0,"Tunisia",13.4,11558257.67,"low",0,0,"Tunisia","Middle East & North Africa","Lower middle income","IBRD","Africa","Africa",0
"TUR",0,7,"Turkey",23,79644890.02,"medium",0,0,"Türkiye","Europe & Central Asia","Upper middle income","IBRD","Asia","Asia",6
"TUR",1,7,"Turkey",23,79644890.02,"medium",0,0,"Türkiye","Europe & Central Asia","Upper middle income","IBRD","Asia","Asia",0
"TUV",0,0,"Tuvalu",4.5,10876.999982,"very low",0,0,"Tuvalu","East Asia & Pacific","Upper middle income","IDA","Oceania","Oceania",0
"TUV",1,0,"Tuvalu",4.5,10876.999982,"very low",0,0,"Tuvalu","East Asia & Pacific","Upper middle income","IDA","Oceania","Oceania",0
"TWN",0,9,"Taiwan",17.8,23511567.872,"medium",0,0,"Taiwan, China","East Asia & Pacific","High income","","Asia","Asia",14
"TWN",1,9,"Taiwan",17.8,23511567.872,"medium",0,0,"Taiwan, China","East Asia & Pacific","High income","","Asia","Asia",0
"TZA",0,0,"Tanzania",18.5,52485977.58,"medium",0,0,"Tanzania","Sub-Saharan Africa","Lower middle income","IDA","Africa","Africa",3
"TZA",1,0,"Tanzania",18.5,52485977.58,"medium",0,0,"Tanzania","Sub-Saharan Africa","Lower middle income","IDA","Africa","Africa",0
"UGA",0,0,"Uganda",27.2,37515804.307,"high",0,0,"Uganda","Sub-Saharan Africa","Low income","IDA","Africa","Africa",3
"UGA",1,0,"Uganda",27.2,37515804.307,"high",0,0,"Uganda","Sub-Saharan Africa","Low income","IDA","Africa","Africa",0
"UKR",0,0,"Ukraine",13.9,44980379.55,"low",0,0,"Ukraine","Europe & Central Asia","Upper middle income","IBRD","Europe","Europe",2
"UKR",1,0,"Ukraine",13.9,44980379.55,"low",0,0,"Ukraine","Europe & Central Asia","Upper middle income","IBRD","Europe","Europe",0
"URY",0,0,"Uruguay",12.4,3403403.1367,"low",0,0,"Uruguay","Latin America & Caribbean","High income","IBRD","South America","Americas",1
"URY",1,0,"Uruguay",12.4,3403403.1367,"low",0,0,"Uruguay","Latin America & Caribbean","High income","IBRD","South America","Americas",0
"USA",0,51,"United States",7.4,324648883.7,"very low",0,0,"United States","North America","High income","","North America","Americas",18
"USA",1,51,"United States",7.4,324648883.7,"very low",0,0,"United States","North America","High income","","North America","Americas",0
"UZB",0,0,"Uzbekistan",30.4,31080396.384,"high",0,0,"Uzbekistan","Europe & Central Asia","Lower middle income","Blend","Asia","Asia",3
"UZB",1,0,"Uzbekistan",30.4,31080396.384,"high",0,0,"Uzbekistan","Europe & Central Asia","Lower middle income","Blend","Asia","Asia",0
"VAT",0,0,"Vatican City",15.2,0,"medium",0,0,NA,NA,NA,NA,"Europe","Europe",0
"VAT",1,0,"Vatican City",15.2,0,"medium",0,0,NA,NA,NA,NA,"Europe","Europe",0
"VCT",0,0,"Saint Vincent and the Grenadines",8.1,106482.00002,"very low",0,0,"St. Vincent and the Grenadines","Latin America & Caribbean","Upper middle income","Blend","North America","Americas",0
"VCT",1,0,"Saint Vincent and the Grenadines",8.1,106482.00002,"very low",0,0,"St. Vincent and the Grenadines","Latin America & Caribbean","Upper middle income","Blend","North America","Americas",0
"VEN",0,2,"Venezuela",18.5,30520815.685,"medium",0,0,"Venezuela, RB","Latin America & Caribbean","Upper middle income","IBRD","South America","Americas",2
"VEN",1,2,"Venezuela",18.5,30520815.685,"medium",0,0,"Venezuela, RB","Latin America & Caribbean","Upper middle income","IBRD","South America","Americas",0
"VGB",0,0,"British Virgin Islands",6.5,29366.00002,"very low",0,0,"British Virgin Islands","Latin America & Caribbean","High income","","North America","Americas",0
"VGB",1,0,"British Virgin Islands",6.5,29366.00002,"very low",0,0,"British Virgin Islands","Latin America & Caribbean","High income","","North America","Americas",0
"VIR",0,0,"Virgin Islands; U.S.",6.5,102803.00005,"very low",0,0,"Virgin Islands (U.S.)","Latin America & Caribbean","High income","","North America","Americas",0
"VIR",1,0,"Virgin Islands; U.S.",6.5,102803.00005,"very low",0,0,"Virgin Islands (U.S.)","Latin America & Caribbean","High income","","North America","Americas",0
"VNM",0,7,"Vietnam",26.3,92182541.19,"high",0,0,"Vietnam","East Asia & Pacific","Lower middle income","IBRD","Asia","Asia",3
"VNM",1,7,"Vietnam",26.3,92182541.19,"high",0,0,"Vietnam","East Asia & Pacific","Lower middle income","IBRD","Asia","Asia",0
"VUT",0,0,"Vanuatu",4.8,276434.9414,"very low",0,0,"Vanuatu","East Asia & Pacific","Lower middle income","IDA","Oceania","Oceania",0
"VUT",1,0,"Vanuatu",4.8,276434.9414,"very low",0,0,"Vanuatu","East Asia & Pacific","Lower middle income","IDA","Oceania","Oceania",0
"WLF",0,0,"Wallis and Futuna",4.2,12181.99997,"very low",0,0,NA,NA,NA,NA,"Oceania","Oceania",0
"WLF",1,0,"Wallis and Futuna",4.2,12181.99997,"very low",0,0,NA,NA,NA,NA,"Oceania","Oceania",0
"WSM",0,0,"Samoa",3.9,203570.99992,"very low",0,0,"Samoa","East Asia & Pacific","Lower middle income","IDA","Oceania","Oceania",0
"WSM",1,0,"Samoa",3.9,203570.99992,"very low",0,0,"Samoa","East Asia & Pacific","Lower middle income","IDA","Oceania","Oceania",0
"YEM",0,0,"Yemen",27.9,28489088.465,"high",0,0,"Yemen, Rep.","Middle East & North Africa","Low income","IDA","Asia","Asia",0
"YEM",1,0,"Yemen",27.9,28489088.465,"high",0,0,"Yemen, Rep.","Middle East & North Africa","Low income","IDA","Asia","Asia",0
"ZAF",0,5,"South Africa",27.7,55875253.09,"high",0,0,"South Africa","Sub-Saharan Africa","Upper middle income","IBRD","Africa","Africa",14
"ZAF",1,5,"South Africa",27.7,55875253.09,"high",0,0,"South Africa","Sub-Saharan Africa","Upper middle income","IBRD","Africa","Africa",0
"ZMB",0,0,"Zambia",16.3,16261845.298,"medium",0,0,"Zambia","Sub-Saharan Africa","Lower middle income","IDA","Africa","Africa",2
"ZMB",1,0,"Zambia",16.3,16261845.298,"medium",0,0,"Zambia","Sub-Saharan Africa","Lower middle income","IDA","Africa","Africa",0
"ZWE",0,0,"Zimbabwe",11.7,14157998.425,"low",0,0,"Zimbabwe","Sub-Saharan Africa","Lower middle income","Blend","Africa","Africa",3
"ZWE",1,0,"Zimbabwe",11.7,14157998.425,"low",0,0,"Zimbabwe","Sub-Saharan Africa","Lower middle income","Blend","Africa","Africa",0
