"ID","country","countries","iso3","Year","category"
0,"United Kingdom","United Kingdom","GBR",2024,"Perceptions"
0,"United Kingdom","United Kingdom","GBR",2024,"Behavior"
2,"Portugal","Portugal","PRT",2023,"Perceptions"
2,"Portugal","Portugal","PRT",2023,"Health"
2,"Portugal","Portugal","PRT",2023,"Behavior"
4,"Indonesia","Indonesia","IDN",2024,"Behavior"
7,"Canada","Canada","CAN",1984,"Perceptions"
7,"Canada","Canada","CAN",1984,"Priority"
7,"Canada","Canada","CAN",1984,"Policy"
8,"Norway","Norway","NOR",1996,"Policy"
13,"Sweden","Sweden","SWE",2001,"Policy"
16,"Sweden","Sweden","SWE",2013,"Perceptions"
16,"Sweden","Sweden","SWE",2013,"Health"
17,"Estonia","Estonia","EST",2018,"Perceptions"
17,"Estonia","Estonia","EST",2018,"Health"
18,"Greece","Greece","GRC",2018,"Perceptions"
19,"China","China","CHN",2024,"Perceptions"
20,"China","China","CHN",2025,"Perceptions"
20,"China","China","CHN",2025,"Policy"
20,"China","China","CHN",2025,"Behavior"
22,"China","China","CHN",2017,"Perceptions"
23,"China","China","CHN",2021,"Policy"
24,"China","China","CHN",2020,"Perceptions"
24,"China","China","CHN",2020,"Behavior"
25,"China","China","CHN",2020,"Policy"
25,"China","China","CHN",2020,"Behavior"
26,"Pakistan","Pakistan","PAK",2024,"Policy"
27,"China","China","CHN",2022,"Perceptions"
28,"China","China","CHN",2024,"Policy"
29,"Philippines","Philippines","PHL",2024,"Perceptions"
29,"United States","United States","USA",2024,"Perceptions"
30,"Chile","Chile","CHL",2019,"Perceptions"
31,"United States","United States","USA",2019,"Behavior"
32,"United States","United States","USA",2013,"Perceptions"
33,"Nepal","Nepal","NPL",2018,"Health"
34,"United States","United States","USA",2015,"Perceptions"
35,"United States","United States","USA",2025,"Perceptions"
35,"United States","United States","USA",2025,"Health"
35,"United States","United States","USA",2025,"Behavior"
36,"Thailand","Thailand","THA",2005,"Perceptions"
36,"Thailand","Thailand","THA",2005,"Policy"
37,"Canada","Canada","CAN",2012,"Perceptions"
39,"China","China","CHN",2021,"Perceptions"
42,"China","China","CHN",2016,"Perceptions"
42,"China","China","CHN",2016,"Policy"
43,"Iran","Iran","IRN",2018,"Perceptions"
43,"Iran","Iran","IRN",2018,"Behavior"
45,"Pakistan","Pakistan","PAK",2020,"Behavior"
46,"China","China","CHN",2020,"Policy"
47,"Malaysia","Malaysia","MYS",2020,"Perceptions"
47,"Malaysia","Malaysia","MYS",2020,"Behavior"
48,"Pakistan","Pakistan","PAK",2021,"Policy"
48,"Pakistan","Pakistan","PAK",2021,"Health"
49,"China","China","CHN",2023,"Policy"
50,"China","China","CHN",2018,"Perceptions"
54,"China","China","CHN",2014,"Perceptions"
54,"China","China","CHN",2014,"Policy"
54,"China","China","CHN",2014,"Health"
54,"China","China","CHN",2014,"Behavior"
55,"China","China","CHN",2016,"Perceptions"
55,"China","China","CHN",2016,"Policy"
55,"China","China","CHN",2016,"Health"
56,"Belgium","Belgium","BEL",2018,"Perceptions"
56,"Belgium","Belgium","BEL",2018,"Health"
56,"Spain","Spain","ESP",2018,"Perceptions"
56,"Spain","Spain","ESP",2018,"Health"
56,"United Kingdom","United Kingdom","GBR",2018,"Perceptions"
56,"United Kingdom","United Kingdom","GBR",2018,"Health"
56,"Sweden","Sweden","SWE",2018,"Perceptions"
56,"Sweden","Sweden","SWE",2018,"Health"
56,"Italy","Italy","ITA",2018,"Perceptions"
56,"Italy","Italy","ITA",2018,"Health"
56,"Austria","Austria","AUT",2018,"Perceptions"
56,"Austria","Austria","AUT",2018,"Health"
56,"Switzerland","Switzerland","CHE",2018,"Perceptions"
56,"Switzerland","Switzerland","CHE",2018,"Health"
58,"Iran","Iran","IRN",2021,"Health"
60,"Serbia","Serbia","SRB",2024,"Perceptions"
60,"Serbia","Serbia","SRB",2024,"Behavior"
61,"China","China","CHN",2023,"Behavior"
62,"Chile","Chile","CHL",2022,"Perceptions"
62,"Chile","Chile","CHL",2022,"Health"
63,"Austria","Austria","AUT",2021,"Perceptions"
63,"Belgium","Belgium","BEL",2021,"Perceptions"
63,"Germany","Germany","DEU",2021,"Perceptions"
63,"Italy","Italy","ITA",2021,"Perceptions"
63,"Poland","Poland","POL",2021,"Perceptions"
63,"Sweden","Sweden","SWE",2021,"Perceptions"
63,"United Kingdom","United Kingdom","GBR",2021,"Perceptions"
64,"Australia","Australia","AUS",2022,"Perceptions"
64,"Brazil","Brazil","BRA",2022,"Perceptions"
64,"China","China","CHN",2022,"Perceptions"
64,"Ghana","Ghana","GHA",2022,"Perceptions"
64,"India","India","IND",2022,"Perceptions"
64,"Iran","Iran","IRN",2022,"Perceptions"
64,"Italy","Italy","ITA",2022,"Perceptions"
64,"Norway","Norway","NOR",2022,"Perceptions"
64,"South Africa","South Africa","ZAF",2022,"Perceptions"
64,"USA","USA","USA",2022,"Perceptions"
65,"India","India","IND",2021,"Perceptions"
66,"Portugal","Portugal","PRT",2024,"Perceptions"
68,"Iran","Iran","IRN",2020,"Perceptions"
68,"Iran","Iran","IRN",2020,"Policy"
68,"Iran","Iran","IRN",2020,"Behavior"
70,"Austria","Austria","AUT",1995,"Perceptions"
70,"Austria","Austria","AUT",1995,"Health"
70,"Austria","Austria","AUT",1995,"Behavior"
71,"United States","United States","USA",1984,"Perceptions"
73,"Denmark","Denmark","DNK",1991,"Perceptions"
73,"Denmark","Denmark","DNK",1991,"Health"
73,"Denmark","Denmark","DNK",1991,"Behavior"
75,"United Kingdom","United Kingdom","GBR",1999,"Perceptions"
77,"United Kingdom","United Kingdom","GBR",2001,"Policy"
77,"England","United Kingdom","GBR",2001,"Policy"
78,"Greece","Greece","GRC",2002,"Perceptions"
78,"Switzerland","Switzerland","CHE",2002,"Perceptions"
78,"Italy","Italy","ITA",2002,"Perceptions"
78,"United Kingdom","United Kingdom","GBR",2002,"Perceptions"
78,"Czech Republic","Czech Republic","CZE",2002,"Perceptions"
78,"Finland","Finland","FIN",2002,"Perceptions"
80,"United States","United States","USA",2018,"Perceptions"
80,"United States","United States","USA",2018,"Behavior"
81,"United States","United States","USA",2021,"Perceptions"
81,"United States","United States","USA",2021,"Behavior"
86,"Australia","Australia","AUS",2009,"Perceptions"
86,"Australia","Australia","AUS",2009,"Health"
91,"South Korea","South Korea","KOR",2019,"Perceptions"
91,"South Korea","South Korea","KOR",2019,"Health"
92,"Switzerland","Switzerland","CHE",2020,"Health"
92,"Switzerland","Switzerland","CHE",2020,"Behavior"
97,"United States","United States","USA",2023,"Perceptions"
100,"China","China","CHN",2020,"Perceptions"
100,"China","China","CHN",2020,"Health"
101,"China","China","CHN",2023,"Health"
102,"South Korea","South Korea","KOR",2024,"Perceptions"
102,"South Korea","South Korea","KOR",2024,"Health"
102,"South Korea","South Korea","KOR",2024,"Behavior"
103,"China","China","CHN",2020,"Perceptions"
103,"China","China","CHN",2020,"Policy"
103,"China","China","CHN",2020,"Behavior"
104,"China","China","CHN",2021,"Perceptions"
104,"China","China","CHN",2021,"Behavior"
106,"Australia","Australia","AUS",2020,"Perceptions"
106,"Brazil","Brazil","BRA",2020,"Perceptions"
106,"China","China","CHN",2020,"Perceptions"
106,"Ghana","Ghana","GHA",2020,"Perceptions"
106,"India","India","IND",2020,"Perceptions"
106,"Iran","Iran","IRN",2020,"Perceptions"
106,"Italy","Italy","ITA",2020,"Perceptions"
106,"Norway","Norway","NOR",2020,"Perceptions"
106,"South Africa","South Africa","ZAF",2020,"Perceptions"
106,"United States","United States","USA",2020,"Perceptions"
107,"Vietnam","Vietnam","VNM",2020,"Perceptions"
107,"Vietnam","Vietnam","VNM",2020,"Behavior"
113,"France","France","FRA",2019,"Policy"
113,"France","France","FRA",2019,"Behavior"
115,"China","China","CHN",2018,"Perceptions"
115,"China","China","CHN",2018,"Policy"
115,"China","China","CHN",2018,"Health"
115,"China","China","CHN",2018,"Behavior"
116,"China","China","CHN",2023,"Perceptions"
116,"China","China","CHN",2023,"Policy"
118,"China","China","CHN",2019,"Policy"
119,"Poland","Poland","POL",2025,"Policy"
121,"China","China","CHN",2016,"Policy"
123,"Korea","Korea","KOR",2019,"Perceptions"
123,"Korea","Korea","KOR",2019,"Policy"
123,"China","China","CHN",2019,"Perceptions"
123,"China","China","CHN",2019,"Policy"
124,"Chile","Chile","CHL",2019,"Perceptions"
124,"Chile","Chile","CHL",2019,"Health"
124,"Chile","Chile","CHL",2019,"Behavior"
125,"India","India","IND",2022,"Perceptions"
125,"India","India","IND",2022,"Policy"
125,"India","India","IND",2022,"Health"
126,"Denmark","Denmark","DNK",2012,"Perceptions"
128,"China","China","CHN",2017,"Perceptions"
128,"China","China","CHN",2017,"Behavior"
130,"United States","United States","USA",2019,"Perceptions"
130,"United States","United States","USA",2019,"Health"
131,"China","China","CHN",2021,"Perceptions"
131,"China","China","CHN",2021,"Health"
132,"United Kingdom","United Kingdom","GBR",2023,"Behavior"
134,"Taiwan","Taiwan","TWN",2023,"Perceptions"
135,"United States","United States","USA",2022,"Perceptions"
135,"India","India","IND",2022,"Perceptions"
135,"China","China","CHN",2022,"Perceptions"
136,"China","China","CHN",2017,"Perceptions"
136,"China","China","CHN",2017,"Health"
136,"China","China","CHN",2017,"Behavior"
137,"China","China","CHN",2018,"Perceptions"
137,"China","China","CHN",2018,"Policy"
141,"United States","United States","USA",2020,"Perceptions"
141,"United States","United States","USA",2020,"Behavior"
142,"China","China","CHN",2020,"Perceptions"
142,"China","China","CHN",2020,"Policy"
144,"China","China","CHN",2021,"Perceptions"
144,"China","China","CHN",2021,"Behavior"
145,"South Korea","South Korea","KOR",2021,"Health"
145,"South Korea","South Korea","KOR",2021,"Behavior"
146,"Vietnam","Vietnam","VNM",2022,"Perceptions"
146,"Vietnam","Vietnam","VNM",2022,"Health"
146,"Vietnam","Vietnam","VNM",2022,"Behavior"
147,"Spain","Spain","ESP",2022,"Health"
149,"China","China","CHN",2019,"Perceptions"
149,"China","China","CHN",2019,"Policy"
149,"China","China","CHN",2019,"Behavior"
151,"China","China","CHN",2021,"Perceptions"
152,"Singapore","Singapore","SGP",2022,"Perceptions"
152,"Singapore","Singapore","SGP",2022,"Behavior"
154,"Chile","Chile","CHL",2022,"Perceptions"
154,"Chile","Chile","CHL",2022,"Policy"
156,"United States","United States","USA",2024,"Perceptions"
156,"United States","United States","USA",2024,"Health"
156,"United States","United States","USA",2024,"Behavior"
158,"India","India","IND",2023,"Perceptions"
158,"India","India","IND",2023,"Health"
159,"New Zealand","New Zealand","NZL",2015,"Perceptions"
159,"New Zealand","New Zealand","NZL",2015,"Health"
160,"India","India","IND",2024,"Perceptions"
160,"India","India","IND",2024,"Health"
163,"China","China","CHN",2024,"Perceptions"
164,"United States","United States","USA",2023,"Perceptions"
164,"United States","United States","USA",2023,"Health"
164,"United States","United States","USA",2023,"Behavior"
166,"United States","United States","USA",2021,"Perceptions"
166,"United States","United States","USA",2021,"Behavior"
167,"China","China","CHN",2016,"Policy"
169,"China","China","CHN",2017,"Behavior"
170,"China","China","CHN",2019,"Perceptions"
170,"China","China","CHN",2019,"Policy"
170,"China","China","CHN",2019,"Behavior"
171,"China","China","CHN",2019,"Behavior"
172,"China","China","CHN",2019,"Behavior"
173,"China","China","CHN",2020,"Behavior"
174,"Taiwan","Taiwan","TWN",2021,"Perceptions"
174,"Taiwan","Taiwan","TWN",2021,"Policy"
174,"Taiwan","Taiwan","TWN",2021,"Behavior"
175,"Spain","Spain","ESP",2021,"Policy"
175,"Spain","Spain","ESP",2021,"Behavior"
177,"United States","United States","USA",2011,"Policy"
178,"China","China","CHN",2020,"Policy"
181,"China","China","CHN",2022,"Perceptions"
182,"China","China","CHN",2023,"Behavior"
184,"China","China","CHN",2024,"Perceptions"
184,"China","China","CHN",2024,"Policy"
185,"United States","United States","USA",2018,"Perceptions"
185,"United States","United States","USA",2018,"Policy"
186,"China","China","CHN",2019,"Perceptions"
186,"China","China","CHN",2019,"Behavior"
189,"Australia","Australia","AUS",2022,"Perceptions"
189,"Australia","Australia","AUS",2022,"Health"
190,"United Kingdom","United Kingdom","GBR",2018,"Perceptions"
190,"United Kingdom","United Kingdom","GBR",2018,"Behavior"
191,"India","India","IND",2023,"Perceptions"
191,"India","India","IND",2023,"Behavior"
192,"England","United Kingdom","GBR",2023,"Perceptions"
192,"England","United Kingdom","GBR",2023,"Priority"
192,"England","United Kingdom","GBR",2023,"Policy"
192,"Wales","United Kingdom","GBR",2023,"Perceptions"
192,"Wales","United Kingdom","GBR",2023,"Priority"
192,"Wales","United Kingdom","GBR",2023,"Policy"
192,"Pakistan","Pakistan","PAK",2023,"Perceptions"
192,"Pakistan","Pakistan","PAK",2023,"Priority"
192,"Pakistan","Pakistan","PAK",2023,"Policy"
193,"Germany","Germany","DEU",2021,"Perceptions"
194,"China","China","CHN",2023,"Behavior"
195,"Cambodia","Cambodia","KHM",2023,"Perceptions"
195,"Cambodia","Cambodia","KHM",2023,"Behavior"
196,"Spain","Spain","ESP",2022,"Perceptions"
200,"China","China","CHN",2015,"Perceptions"
200,"China","China","CHN",2015,"Health"
201,"India","India","IND",2011,"Health"
202,"China","China","CHN",2018,"Health"
202,"China","China","CHN",2018,"Behavior"
203,"Vietnam","Vietnam","VNM",2021,"Perceptions"
203,"Vietnam","Vietnam","VNM",2021,"Health"
203,"Vietnam","Vietnam","VNM",2021,"Behavior"
204,"China","China","CHN",2019,"Behavior"
205,"China","China","CHN",2019,"Perceptions"
206,"Turkey","Turkey","TUR",2011,"Perceptions"
206,"Turkey","Turkey","TUR",2011,"Policy"
207,"China","China","CHN",2006,"Policy"
209,"South Korea","South Korea","KOR",2012,"Perceptions"
211,"China","China","CHN",2015,"Policy"
213,"Greece","Greece","GRC",2017,"Perceptions"
215,"Netherlands","Netherlands","NLD",2018,"Perceptions"
215,"Netherlands","Netherlands","NLD",2018,"Health"
216,"China","China","CHN",2019,"Perceptions"
217,"China","China","CHN",2019,"Perceptions"
217,"China","China","CHN",2019,"Behavior"
218,"Germany","Germany","DEU",2021,"Perceptions"
219,"China","China","CHN",2022,"Policy"
220,"United States","United States","USA",2022,"Perceptions"
220,"United States","United States","USA",2022,"Health"
220,"United States","United States","USA",2022,"Behavior"
221,"China","China","CHN",2023,"Policy"
226,"China","China","CHN",2021,"Behavior"
229,"China","China","CHN",2023,"Perceptions"
229,"China","China","CHN",2023,"Policy"
230,"China","China","CHN",2018,"Behavior"
233,"Iran","Iran","IRN",2024,"Perceptions"
233,"Iran","Iran","IRN",2024,"Behavior"
234,"Pakistan","Pakistan","PAK",2024,"Perceptions"
235,"Austria","Austria","AUT",2017,"Health"
235,"Belgium","Belgium","BEL",2017,"Health"
235,"Bulgaria","Bulgaria","BGR",2017,"Health"
235,"Croatia","Croatia","HRV",2017,"Health"
235,"Cyprus","Cyprus","CYP",2017,"Health"
235,"Czechia","Czechia","CZE",2017,"Health"
235,"Denmark","Denmark","DNK",2017,"Health"
235,"Estonia","Estonia","EST",2017,"Health"
235,"Finland","Finland","FIN",2017,"Health"
235,"France","France","FRA",2017,"Health"
235,"Germany","Germany","DEU",2017,"Health"
235,"Greece","Greece","GRC",2017,"Health"
235,"Hungary","Hungary","HUN",2017,"Health"
235,"Ireland","Ireland","IRL",2017,"Health"
235,"Italy","Italy","ITA",2017,"Health"
235,"Latvia","Latvia","LVA",2017,"Health"
235,"Lithuania","Lithuania","LTU",2017,"Health"
235,"Luxembourg","Luxembourg","LUX",2017,"Health"
235,"Malta","Malta","MLT",2017,"Health"
235,"Netherlands","Netherlands","NLD",2017,"Health"
235,"Poland","Poland","POL",2017,"Health"
235,"Portugal","Portugal","PRT",2017,"Health"
235,"Romania","Romania","ROU",2017,"Health"
235,"Slovakia","Slovakia","SVK",2017,"Health"
235,"Slovenia","Slovenia","SVN",2017,"Health"
235,"Spain","Spain","ESP",2017,"Health"
235,"Sweden","Sweden","SWE",2017,"Health"
235,"Iceland","Iceland","ISL",2017,"Health"
235,"Macedonia","Macedonia","MKD",2017,"Health"
235,"Montenegro","Montenegro","MNE",2017,"Health"
235,"Serbia","Serbia","SRB",2017,"Health"
235,"Turkey","Turkey","TUR",2017,"Health"
237,"Egypt","Egypt","EGY",2023,"Policy"
238,"Italy","Italy","ITA",2023,"Perceptions"
238,"Sweden","Sweden","SWE",2023,"Perceptions"
240,"China","China","CHN",2018,"Perceptions"
240,"China","China","CHN",2018,"Priority"
241,"China","China","CHN",2018,"Perceptions"
241,"China","China","CHN",2018,"Policy"
241,"China","China","CHN",2018,"Health"
244,"United States","United States","USA",2017,"Perceptions"
244,"United States","United States","USA",2017,"Health"
245,"United States","United States","USA",2023,"Perceptions"
245,"United States","United States","USA",2023,"Behavior"
248,"Taiwan","Taiwan","TWN",2024,"Perceptions"
248,"Taiwan","Taiwan","TWN",2024,"Behavior"
252,"China","China","CHN",2024,"Perceptions"
252,"China","China","CHN",2024,"Policy"
254,"Canada","Canada","CAN",1982,"Perceptions"
254,"Canada","Canada","CAN",1982,"Priority"
255,"China","China","CHN",2021,"Perceptions"
256,"England","United Kingdom","GBR",2004,"Perceptions"
256,"England","United Kingdom","GBR",2004,"Policy"
258,"Australia","Australia","AUS",2007,"Perceptions"
258,"Australia","Australia","AUS",2007,"Behavior"
258,"Hong Kong","Hong Kong","HKG",2007,"Perceptions"
258,"Hong Kong","Hong Kong","HKG",2007,"Behavior"
258,"United Kingdom","United Kingdom","GBR",2007,"Perceptions"
258,"United Kingdom","United Kingdom","GBR",2007,"Behavior"
259,"United States","United States","USA",2023,"Policy"
260,"Chile","Chile","CHL",2023,"Perceptions"
262,"China","China","CHN",2018,"Policy"
264,"China","China","CHN",2024,"Perceptions"
265,"China","China","CHN",2017,"Perceptions"
265,"United States","United States","USA",2017,"Perceptions"
265,"Australia","Australia","AUS",2017,"Perceptions"
266,"Iran","Iran","IRN",2019,"Perceptions"
266,"Iran","Iran","IRN",2019,"Health"
266,"Iran","Iran","IRN",2019,"Behavior"
267,"Singapore","Singapore","SGP",2017,"Perceptions"
267,"Singapore","Singapore","SGP",2017,"Behavior"
268,"China","China","CHN",2021,"Health"
268,"China","China","CHN",2021,"Behavior"
269,"China","China","CHN",2023,"Perceptions"
269,"China","China","CHN",2023,"Behavior"
270,"China","China","CHN",2023,"Perceptions"
270,"China","China","CHN",2023,"Health"
270,"China","China","CHN",2023,"Behavior"
272,"United States","United States","USA",2001,"Perceptions"
272,"United States","United States","USA",2001,"Health"
273,"Portugal","Portugal","PRT",2021,"Perceptions"
273,"Portugal","Portugal","PRT",2021,"Behavior"
275,"United States","United States","USA",1993,"Behavior"
276,"The Netherlands","The Netherlands","NLD",2013,"Perceptions"
277,"China","China","CHN",2019,"Perceptions"
277,"China","China","CHN",2019,"Behavior"
278,"China","China","CHN",2019,"Perceptions"
278,"China","China","CHN",2019,"Health"
278,"China","China","CHN",2019,"Behavior"
279,"China","China","CHN",2020,"Perceptions"
279,"China","China","CHN",2020,"Health"
280,"China","China","CHN",2021,"Perceptions"
280,"China","China","CHN",2021,"Policy"
280,"China","China","CHN",2021,"Behavior"
281,"Singapore","Singapore","SGP",2016,"Perceptions"
281,"Singapore","Singapore","SGP",2016,"Behavior"
282,"China","China","CHN",2017,"Perceptions"
282,"China","China","CHN",2017,"Behavior"
283,"Oman","Oman","OMN",2021,"Perceptions"
283,"Oman","Oman","OMN",2021,"Health"
283,"Oman","Oman","OMN",2021,"Behavior"
283,"China","China","CHN",2021,"Perceptions"
283,"China","China","CHN",2021,"Health"
283,"China","China","CHN",2021,"Behavior"
284,"South Korea","South Korea","KOR",2024,"Perceptions"
284,"South Korea","South Korea","KOR",2024,"Behavior"
285,"China","China","CHN",2017,"Policy"
286,"Spain","Spain","ESP",2018,"Perceptions"
286,"Spain","Spain","ESP",2018,"Behavior"
287,"China","China","CHN",2020,"Perceptions"
287,"China","China","CHN",2020,"Policy"
287,"China","China","CHN",2020,"Behavior"
288,"Ireland","Ireland","IRL",2023,"Perceptions"
288,"Ireland","Ireland","IRL",2023,"Policy"
290,"United Kingdom","United Kingdom","GBR",2006,"Perceptions"
290,"United Kingdom","United Kingdom","GBR",2006,"Health"
291,"Pakistan","Pakistan","PAK",2019,"Perceptions"
291,"Pakistan","Pakistan","PAK",2019,"Behavior"
292,"exclude","exclude",NA,2024,"Perceptions"
295,"United Kingdom","United Kingdom","GBR",2024,"Perceptions"
295,"United Kingdom","United Kingdom","GBR",2024,"Behavior"
296,"China","China","CHN",2024,"Perceptions"
297,"South Korea","South Korea","KOR",2021,"Behavior"
298,"United States","United States","USA",2024,"Perceptions"
298,"United States","United States","USA",2024,"Health"
298,"United States","United States","USA",2024,"Behavior"
299,"Poland","Poland","POL",2022,"Perceptions"
299,"Poland","Poland","POL",2022,"Health"
300,"Nepal","Nepal","NPL",2022,"Perceptions"
300,"Nepal","Nepal","NPL",2022,"Health"
300,"Nepal","Nepal","NPL",2022,"Behavior"
301,"China","China","CHN",2023,"Perceptions"
303,"Thailand","Thailand","THA",2024,"Perceptions"
303,"Thailand","Thailand","THA",2024,"Health"
303,"Thailand","Thailand","THA",2024,"Behavior"
304,"China","China","CHN",2022,"Perceptions"
305,"Singapore","Singapore","SGP",2017,"Policy"
305,"Indonesia","Indonesia","IDN",2017,"Policy"
307,"China","China","CHN",2024,"Perceptions"
307,"China","China","CHN",2024,"Behavior"
308,"Taiwan","Taiwan","TWN",2019,"Perceptions"
308,"Taiwan","Taiwan","TWN",2019,"Behavior"
309,"Malaysia","Malaysia","MYS",2020,"Perceptions"
309,"Malaysia","Malaysia","MYS",2020,"Health"
311,"China","China","CHN",2023,"Perceptions"
312,"China","China","CHN",2020,"Perceptions"
312,"China","China","CHN",2020,"Health"
312,"China","China","CHN",2020,"Behavior"
315,"Taiwan","Taiwan","TWN",2021,"Perceptions"
315,"Taiwan","Taiwan","TWN",2021,"Behavior"
317,"Pakistan","Pakistan","PAK",2024,"Perceptions"
317,"Pakistan","Pakistan","PAK",2024,"Behavior"
319,"South Korea","South Korea","KOR",2023,"Perceptions"
319,"South Korea","South Korea","KOR",2023,"Behavior"
320,"Vietnam","Vietnam","VNM",2022,"Policy"
321,"Bangladesh","Bangladesh","BGD",2019,"Perceptions"
321,"Bangladesh","Bangladesh","BGD",2019,"Behavior"
323,"Malaysia","Malaysia","MYS",2019,"Health"
324,"England","United Kingdom","GBR",2002,"Perceptions"
325,"China","China","CHN",2017,"Behavior"
326,"China","China","CHN",2023,"Behavior"
328,"United States","United States","USA",2016,"Perceptions"
328,"United States","United States","USA",2016,"Health"
328,"United States","United States","USA",2016,"Behavior"
330,"France","France","FRA",2017,"Perceptions"
331,"Finland","Finland","FIN",2021,"Perceptions"
331,"Finland","Finland","FIN",2021,"Health"
336,"China","China","CHN",2022,"Perceptions"
336,"China","China","CHN",2022,"Health"
336,"China","China","CHN",2022,"Behavior"
337,"United States","United States","USA",2004,"Perceptions"
338,"United States","United States","USA",1993,"Policy"
340,"Canada","Canada","CAN",1999,"Perceptions"
340,"Canada","Canada","CAN",1999,"Health"
341,"United States","United States","USA",2011,"Perceptions"
341,"United States","United States","USA",2011,"Policy"
341,"United States","United States","USA",2011,"Behavior"
344,"Sweden","Sweden","SWE",2005,"Perceptions"
344,"Sweden","Sweden","SWE",2005,"Health"
347,"United States","United States","USA",2018,"Perceptions"
348,"China","China","CHN",2020,"Perceptions"
348,"China","China","CHN",2020,"Behavior"
349,"Canada","Canada","CAN",2022,"Perceptions"
349,"Canada","Canada","CAN",2022,"Behavior"
350,"Vietnam","Vietnam","VNM",2023,"Perceptions"
350,"Vietnam","Vietnam","VNM",2023,"Health"
350,"Vietnam","Vietnam","VNM",2023,"Behavior"
351,"Malaysia","Malaysia","MYS",2015,"Perceptions"
351,"Malaysia","Malaysia","MYS",2015,"Health"
351,"Malaysia","Malaysia","MYS",2015,"Perceptions"
351,"Malaysia","Malaysia","MYS",2015,"Health"
353,"Australia","Australia","AUS",2015,"Perceptions"
353,"Australia","Australia","AUS",2015,"Health"
353,"Australia","Australia","AUS",2015,"Behavior"
354,"Germany","Germany","DEU",2016,"Perceptions"
360,"Bangladesh","Bangladesh","BGD",2022,"Behavior"
361,"Philippines","Philippines","PHL",2015,"Policy"
362,"China","China","CHN",2020,"Policy"
363,"Ghana","Ghana","GHA",2020,"Perceptions"
363,"Ghana","Ghana","GHA",2020,"Health"
364,"Germany","Germany","DEU",2024,"Perceptions"
364,"Germany","Germany","DEU",2024,"Behavior"
364,"Portugal","Portugal","PRT",2024,"Perceptions"
364,"Portugal","Portugal","PRT",2024,"Behavior"
365,"South Korea","South Korea","KOR",2019,"Health"
367,"Indonesia","Indonesia","IDN",2023,"Policy"
367,"Singapore","Singapore","SGP",2023,"Policy"
367,"Malaysia","Malaysia","MYS",2023,"Policy"
367,"Brunei","Brunei","BRN",2023,"Policy"
368,"China","China","CHN",2018,"Perceptions"
368,"China","China","CHN",2018,"Priority"
372,"China","China","CHN",2004,"Policy"
373,"China","China","CHN",2019,"Perceptions"
374,"Vietnam","Vietnam","VNM",2020,"Perceptions"
374,"Vietnam","Vietnam","VNM",2020,"Policy"
375,"France","France","FRA",2024,"Perceptions"
375,"France","France","FRA",2024,"Behavior"
376,"United States","United States","USA",2021,"Policy"
377,"Jordan","Jordan","JOR",2008,"Perceptions"
377,"Jordan","Jordan","JOR",2008,"Health"
377,"Jordan","Jordan","JOR",2008,"Behavior"
378,"South Africa","South Africa","ZAF",2024,"Perceptions"
378,"South Africa","South Africa","ZAF",2024,"Health"
381,"Chile","Chile","CHL",2019,"Perceptions"
381,"Chile","Chile","CHL",2019,"Health"
381,"Chile","Chile","CHL",2019,"Behavior"
382,"China","China","CHN",2022,"Perceptions"
383,"Poland","Poland","POL",2024,"Perceptions"
385,"China","China","CHN",2021,"Perceptions"
385,"China","China","CHN",2021,"Behavior"
386,"Indonesia","Indonesia","IDN",2014,"Perceptions"
386,"Indonesia","Indonesia","IDN",2014,"Health"
388,"Iran","Iran","IRN",2017,"Behavior"
389,"China","China","CHN",2016,"Perceptions"
389,"China","China","CHN",2016,"Behavior"
390,"Mexico","Mexico","MEX",2018,"Perceptions"
390,"Mexico","Mexico","MEX",2018,"Behavior"
392,"Japan","Japan","JPN",2019,"Health"
393,"Korea","Korea","KOR",2019,"Perceptions"
393,"Korea","Korea","KOR",2019,"Health"
394,"China","China","CHN",2019,"Perceptions"
394,"China","China","CHN",2019,"Health"
394,"China","China","CHN",2019,"Behavior"
396,"Hong Kong","Hong Kong","HKG",2022,"Behavior"
397,"United States","United States","USA",2022,"Perceptions"
397,"United States","United States","USA",2022,"Health"
400,"United Kingdom","United Kingdom","GBR",2024,"Perceptions"
400,"United Kingdom","United Kingdom","GBR",2024,"Health"
401,"Bangladesh","Bangladesh","BGD",2024,"Perceptions"
401,"Bangladesh","Bangladesh","BGD",2024,"Behavior"
403,"United States","United States","USA",2023,"Perceptions"
403,"United States","United States","USA",2023,"Health"
403,"United States","United States","USA",2023,"Behavior"
404,"China","China","CHN",2018,"Health"
405,"Iran","Iran","IRN",2020,"Perceptions"
405,"Iran","Iran","IRN",2020,"Behavior"
406,"Canada","Canada","CAN",2023,"Health"
407,"United States","United States","USA",2023,"Perceptions"
407,"United States","United States","USA",2023,"Health"
412,"China","China","CHN",2021,"Perceptions"
413,"Malaysia","Malaysia","MYS",2015,"Perceptions"
413,"Malaysia","Malaysia","MYS",2015,"Health"
413,"Malaysia","Malaysia","MYS",2015,"Behavior"
414,"China","China","CHN",2016,"Perceptions"
414,"China","China","CHN",2016,"Health"
416,"Netherlands","Netherlands","NLD",2018,"Perceptions"
416,"Netherlands","Netherlands","NLD",2018,"Health"
418,"Hong Kong","Hong Kong","HKG",2024,"Perceptions"
419,"Bangladesh","Bangladesh","BGD",2024,"Perceptions"
419,"Bangladesh","Bangladesh","BGD",2024,"Health"
419,"Bangladesh","Bangladesh","BGD",2024,"Behavior"
420,"Thailand","Thailand","THA",2016,"Perceptions"
420,"Thailand","Thailand","THA",2016,"Health"
420,"Thailand","Thailand","THA",2016,"Behavior"
421,"Thailand","Thailand","THA",2020,"Perceptions"
421,"Thailand","Thailand","THA",2020,"Behavior"
422,"Turkey","Turkey","TUR",2017,"Perceptions"
423,"Vietnam","Vietnam","VNM",2012,"Perceptions"
423,"Vietnam","Vietnam","VNM",2012,"Health"
423,"Philippines","Philippines","PHL",2012,"Perceptions"
423,"Philippines","Philippines","PHL",2012,"Health"
424,"Mongolia","Mongolia","MNG",2022,"Perceptions"
424,"Mongolia","Mongolia","MNG",2022,"Policy"
424,"Mongolia","Mongolia","MNG",2022,"Behavior"
425,"Poland","Poland","POL",2018,"Policy"
427,"Malaysia","Malaysia","MYS",2023,"Perceptions"
428,"Venezuela","Venezuela","VEN",2020,"Policy"
429,"Colombia","Colombia","COL",2015,"Perceptions"
429,"Colombia","Colombia","COL",2015,"Health"
429,"Colombia","Colombia","COL",2015,"Behavior"
431,"Mexico","Mexico","MEX",2009,"Perceptions"
431,"Mexico","Mexico","MEX",2009,"Health"
432,"China","China","CHN",2021,"Perceptions"
432,"China","China","CHN",2021,"Behavior"
436,"Lebanon","Lebanon","LBN",2018,"Perceptions"
436,"Lebanon","Lebanon","LBN",2018,"Priority"
436,"Lebanon","Lebanon","LBN",2018,"Health"
436,"Lebanon","Lebanon","LBN",2018,"Behavior"
437,"USA","USA","USA",2019,"Perceptions"
437,"USA","USA","USA",2019,"Health"
438,"Colombia","Colombia","COL",2021,"Perceptions"
438,"Colombia","Colombia","COL",2021,"Policy"
438,"Colombia","Colombia","COL",2021,"Health"
439,"South Africa","South Africa","ZAF",2020,"Perceptions"
439,"South Africa","South Africa","ZAF",2020,"Policy"
439,"South Africa","South Africa","ZAF",2020,"Health"
440,"Colombia","Colombia","COL",2014,"Policy"
441,"Thailand","Thailand","THA",2020,"Perceptions"
441,"Thailand","Thailand","THA",2020,"Health"
443,"Jordan","Jordan","JOR",2024,"Perceptions"
446,"Mexico","Mexico","MEX",2024,"Perceptions"
446,"Mexico","Mexico","MEX",2024,"Health"
446,"Mexico","Mexico","MEX",2024,"Behavior"
448,"Russia","Russia","RUS",2022,"Perceptions"
448,"Russia","Russia","RUS",2022,"Health"
450,"Indonesia","Indonesia","IDN",2023,"Perceptions"
450,"Indonesia","Indonesia","IDN",2023,"Health"
451,"Malaysia","Malaysia","MYS",2022,"Behavior"
453,"Guatemala","Guatemala","GTM",2011,"Perceptions"
453,"Guatemala","Guatemala","GTM",2011,"Behavior"
454,"United States","United States","USA",2018,"Perceptions"
454,"United States","United States","USA",2018,"Behavior"
456,"Pakistan","Pakistan","PAK",2017,"Policy"
457,"Iran","Iran","IRN",2019,"Perceptions"
458,"Spain","Spain","ESP",2023,"Policy"
460,"United States","United States","USA",1982,"Policy"
461,"Taiwan","Taiwan","TWN",2000,"Policy"
461,"Taiwan","Taiwan","TWN",2000,"Health"
461,"United States","United States","USA",2000,"Policy"
461,"United States","United States","USA",2000,"Health"
462,"Italy","Italy","ITA",2017,"Perceptions"
462,"Italy","Italy","ITA",2017,"Behavior"
464,"China","China","CHN",2022,"Perceptions"
464,"China","China","CHN",2022,"Behavior"
465,"Latvia","Latvia","LVA",2020,"Perceptions"
465,"Latvia","Latvia","LVA",2020,"Behavior"
470,"exclude","exclude",NA,2020,"Perceptions"
470,"exclude","exclude",NA,2020,"Health"
471,"Oman","Oman","OMN",2024,"Perceptions"
471,"Oman","Oman","OMN",2024,"Health"
472,"exclude","exclude",NA,2009,"Perceptions"
475,"India","India","IND",2020,"Perceptions"
476,"China","China","CHN",2024,"Policy"
479,"China","China","CHN",2023,"Perceptions"
480,"China","China","CHN",2022,"Policy"
481,"Taiwan","Taiwan","TWN",2022,"Perceptions"
481,"Taiwan","Taiwan","TWN",2022,"Policy"
481,"Taiwan","Taiwan","TWN",2022,"Behavior"
483,"United States","United States","USA",2022,"Perceptions"
483,"United States","United States","USA",2022,"Health"
483,"United States","United States","USA",2022,"Behavior"
484,"China","China","CHN",2021,"Health"
485,"no info","no info",NA,2023,"Perceptions"
485,"no info","no info",NA,2023,"Behavior"
486,"China","China","CHN",2020,"Perceptions"
487,"Belgium","Belgium","BEL",2023,"Perceptions"
487,"Belgium","Belgium","BEL",2023,"Policy"
487,"Belgium","Belgium","BEL",2023,"Behavior"
487,"Ireland","Ireland","IRL",2023,"Perceptions"
487,"Ireland","Ireland","IRL",2023,"Policy"
487,"Ireland","Ireland","IRL",2023,"Behavior"
487,"Slovenia","Slovenia","SVN",2023,"Perceptions"
487,"Slovenia","Slovenia","SVN",2023,"Policy"
487,"Slovenia","Slovenia","SVN",2023,"Behavior"
487,"UK","UK","GBR",2023,"Perceptions"
487,"UK","UK","GBR",2023,"Policy"
487,"UK","UK","GBR",2023,"Behavior"
488,"Colombia","Colombia","COL",2024,"Perceptions"
488,"Colombia","Colombia","COL",2024,"Health"
488,"Colombia","Colombia","COL",2024,"Behavior"
489,"United States","United States","USA",2024,"Perceptions"
489,"United States","United States","USA",2024,"Behavior"
490,"United States","United States","USA",2024,"Perceptions"
490,"United States","United States","USA",2024,"Health"
490,"United States","United States","USA",2024,"Behavior"
492,"Spain","Spain","ESP",2024,"Perceptions"
494,"Greece","Greece","GRC",2023,"Perceptions"
494,"Greece","Greece","GRC",2023,"Health"
496,"South Korea","South Korea","KOR",2019,"Perceptions"
496,"South Korea","South Korea","KOR",2019,"Priority"
496,"South Korea","South Korea","KOR",2019,"Health"
496,"South Korea","South Korea","KOR",2019,"Behavior"
497,"Thailand","Thailand","THA",2020,"Perceptions"
497,"Thailand","Thailand","THA",2020,"Policy"
497,"Thailand","Thailand","THA",2020,"Behavior"
498,"United States","United States","USA",2021,"Perceptions"
498,"United States","United States","USA",2021,"Health"
499,"China","China","CHN",2023,"Perceptions"
499,"China","China","CHN",2023,"Policy"
500,"Mexico","Mexico","MEX",2024,"Perceptions"
500,"Mexico","Mexico","MEX",2024,"Health"
501,"Türkiye","Türkiye","TUR",2024,"Perceptions"
501,"Türkiye","Türkiye","TUR",2024,"Health"
502,"China","China","CHN",2024,"Perceptions"
502,"China","China","CHN",2024,"Policy"
504,"China","China","CHN",2024,"Perceptions"
504,"China","China","CHN",2024,"Behavior"
505,"Portugal","Portugal","PRT",2024,"Perceptions"
510,"Ecuador","Ecuador","ECU",2022,"Perceptions"
510,"Ecuador","Ecuador","ECU",2022,"Health"
514,"Italy","Italy","ITA",2024,"Perceptions"
514,"Italy","Italy","ITA",2024,"Priority"
514,"Italy","Italy","ITA",2024,"Behavior"
515,"Mexico","Mexico","MEX",2020,"Perceptions"
516,"China","China","CHN",2015,"Perceptions"
516,"China","China","CHN",2015,"Policy"
516,"China","China","CHN",2015,"Health"
516,"China","China","CHN",2015,"Behavior"
517,"United States","United States","USA",2016,"Policy"
518,"China","China","CHN",2016,"Perceptions"
519,"China","China","CHN",2016,"Perceptions"
519,"China","China","CHN",2016,"Health"
521,"United States","United States","USA",2017,"Perceptions"
521,"United States","United States","USA",2017,"Health"
522,"France","France","FRA",2017,"Perceptions"
524,"Finland","Finland","FIN",2018,"Perceptions"
525,"Finland","Finland","FIN",2018,"Perceptions"
527,"China","China","CHN",2018,"Behavior"
528,"China","China","CHN",2018,"Behavior"
529,"China","China","CHN",2018,"Perceptions"
529,"China","China","CHN",2018,"Policy"
532,"South Korea","South Korea","KOR",2020,"Perceptions"
532,"South Korea","South Korea","KOR",2020,"Health"
533,"United Kingdom","United Kingdom","GBR",2020,"Health"
534,"China","China","CHN",2020,"Behavior"
535,"United States","United States","USA",2020,"Health"
536,"Mexico","Mexico","MEX",2020,"Perceptions"
536,"United States","United States","USA",2020,"Perceptions"
538,"Korea","Korea","KOR",2021,"Perceptions"
538,"Korea","Korea","KOR",2021,"Health"
538,"Korea","Korea","KOR",2021,"Behavior"
540,"Rwanda","Rwanda","RWA",2021,"Perceptions"
540,"Rwanda","Rwanda","RWA",2021,"Health"
540,"Rwanda","Rwanda","RWA",2021,"Behavior"
541,"China","China","CHN",2021,"Perceptions"
541,"China","China","CHN",2021,"Behavior"
542,"South Korea","South Korea","KOR",2021,"Perceptions"
544,"China","China","CHN",2022,"Perceptions"
544,"China","China","CHN",2022,"Behavior"
545,"United Kingdom","United Kingdom","GBR",2022,"Perceptions"
545,"United Kingdom","United Kingdom","GBR",2022,"Health"
547,"China","China","CHN",2022,"Perceptions"
548,"China","China","CHN",2022,"Policy"
549,"Lebanon","Lebanon","LBN",2022,"Perceptions"
549,"Lebanon","Lebanon","LBN",2022,"Behavior"
551,"Poland","Poland","POL",2022,"Perceptions"
552,"Korea","Korea","KOR",2022,"Perceptions"
552,"Korea","Korea","KOR",2022,"Policy"
552,"Korea","Korea","KOR",2022,"Behavior"
553,"Taiwan","Taiwan","TWN",2022,"Perceptions"
553,"Taiwan","Taiwan","TWN",2022,"Health"
553,"Taiwan","Taiwan","TWN",2022,"Behavior"
554,"Portugal","Portugal","PRT",2022,"Perceptions"
554,"Portugal","Portugal","PRT",2022,"Priority"
556,"China","China","CHN",2023,"Health"
559,"United States","United States","USA",2023,"Perceptions"
559,"United States","United States","USA",2023,"Health"
560,"Colombia","Colombia","COL",2024,"Perceptions"
560,"Colombia","Colombia","COL",2024,"Behavior"
561,"United States","United States","USA",2024,"Perceptions"
561,"United States","United States","USA",2024,"Health"
562,"Canada","Canada","CAN",2009,"Perceptions"
562,"Canada","Canada","CAN",2009,"Behavior"
568,"South Korea","South Korea","KOR",2018,"Policy"
569,"South Korea","South Korea","KOR",2018,"Policy"
570,"China","China","CHN",2018,"Policy"
571,"China","China","CHN",2018,"Perceptions"
571,"China","China","CHN",2018,"Priority"
571,"China","China","CHN",2018,"Policy"
571,"China","China","CHN",2018,"Health"
572,"Germany","Germany","DEU",2019,"Policy"
574,"Poland","Poland","POL",2020,"Perceptions"
575,"China","China","CHN",2020,"Perceptions"
575,"China","China","CHN",2020,"Behavior"
576,"Spain","Spain","ESP",2021,"Policy"
578,"Poland","Poland","POL",2021,"Perceptions"
578,"Poland","Poland","POL",2021,"Health"
580,"Finland","Finland","FIN",2022,"Perceptions"
580,"Finland","Finland","FIN",2022,"Health"
580,"Estonia","Estonia","EST",2022,"Perceptions"
580,"Estonia","Estonia","EST",2022,"Health"
581,"United Arab Emirates","United Arab Emirates","ARE",2022,"Perceptions"
581,"United Arab Emirates","United Arab Emirates","ARE",2022,"Health"
582,"Senegal","Senegal","SEN",2023,"Policy"
586,"South Korea","South Korea","KOR",2023,"Policy"
587,"Serbia","Serbia","SRB",2023,"Perceptions"
587,"Serbia","Serbia","SRB",2023,"Behavior"
588,"United Kingdom","United Kingdom","GBR",2024,"Perceptions"
588,"United Kingdom","United Kingdom","GBR",2024,"Behavior"
590,"China","China","CHN",2015,"Perceptions"
590,"China","China","CHN",2015,"Behavior"
591,"China","China","CHN",2016,"Perceptions"
591,"China","China","CHN",2016,"Policy"
591,"China","China","CHN",2016,"Behavior"
592,"China","China","CHN",2017,"Perceptions"
592,"China","China","CHN",2017,"Policy"
593,"China","China","CHN",2023,"Perceptions"
593,"China","China","CHN",2023,"Policy"
593,"China","China","CHN",2023,"Behavior"
594,"China","China","CHN",2023,"Perceptions"
594,"China","China","CHN",2023,"Health"
595,"Italy","Italy","ITA",2024,"Perceptions"
595,"Italy","Italy","ITA",2024,"Health"
595,"Italy","Italy","ITA",2024,"Behavior"
595,"Ireland","Ireland","IRL",2024,"Perceptions"
595,"Ireland","Ireland","IRL",2024,"Health"
595,"Ireland","Ireland","IRL",2024,"Behavior"
596,"India","India","IND",2023,"Perceptions"
596,"India","India","IND",2023,"Behavior"
599,"Benin","Benin","BEN",2018,"Perceptions"
599,"Benin","Benin","BEN",2018,"Health"
600,"Japan","Japan","JPN",2019,"Health"
601,"Lebanon","Lebanon","LBN",2019,"Perceptions"
601,"Lebanon","Lebanon","LBN",2019,"Priority"
603,"China","China","CHN",2012,"Perceptions"
603,"China","China","CHN",2012,"Health"
604,"South Korea","South Korea","KOR",2020,"Perceptions"
604,"South Korea","South Korea","KOR",2020,"Health"
604,"South Korea","South Korea","KOR",2020,"Behavior"
607,"India","India","IND",2024,"Perceptions"
608,"India","India","IND",2018,"Perceptions"
608,"India","India","IND",2018,"Health"
609,"India","India","IND",2022,"Health"
610,"China","China","CHN",2017,"Policy"
610,"China","China","CHN",2017,"Behavior"
612,"Malaysia","Malaysia","MYS",2017,"Perceptions"
612,"Malaysia","Malaysia","MYS",2017,"Health"
613,"Singapore","Singapore","SGP",2021,"Perceptions"
613,"Singapore","Singapore","SGP",2021,"Behavior"
614,"exclude","exclude",NA,2022,"Perceptions"
615,"Greece","Greece","GRC",2011,"Policy"
616,"China","China","CHN",2015,"Perceptions"
616,"China","China","CHN",2015,"Policy"
627,"Bahrain","Bahrain","BHR",2022,"Perceptions"
627,"Bahrain","Bahrain","BHR",2022,"Policy"
627,"Bahrain","Bahrain","BHR",2022,"Health"
627,"Bahrain","Bahrain","BHR",2022,"Behavior"
628,"Spain","Spain","ESP",2020,"Perceptions"
628,"Spain","Spain","ESP",2020,"Health"
629,"China","China","CHN",2022,"Perceptions"
629,"China","China","CHN",2022,"Health"
629,"China","China","CHN",2022,"Behavior"
630,"India","India","IND",2018,"Perceptions"
630,"India","India","IND",2018,"Health"
630,"India","India","IND",2018,"Behavior"
631,"Taiwan","Taiwan","TWN",2018,"Perceptions"
631,"Taiwan","Taiwan","TWN",2018,"Policy"
631,"Taiwan","Taiwan","TWN",2018,"Health"
632,"Korea","Korea","KOR",2024,"Perceptions"
632,"Korea","Korea","KOR",2024,"Health"
632,"Korea","Korea","KOR",2024,"Behavior"
632,"China","China","CHN",2024,"Perceptions"
632,"China","China","CHN",2024,"Health"
632,"China","China","CHN",2024,"Behavior"
634,"Italy","Italy","ITA",2024,"Perceptions"
634,"Italy","Italy","ITA",2024,"Behavior"
635,"Saudi Arabia","Saudi Arabia","SAU",2023,"Perceptions"
635,"Saudi Arabia","Saudi Arabia","SAU",2023,"Health"
635,"Saudi Arabia","Saudi Arabia","SAU",2023,"Behavior"
636,"India","India","IND",2021,"Perceptions"
636,"India","India","IND",2021,"Health"
637,"India","India","IND",2021,"Perceptions"
637,"India","India","IND",2021,"Health"
638,"Japan","Japan","JPN",1981,"Health"
640,"Mexico","Mexico","MEX",1996,"Perceptions"
640,"Mexico","Mexico","MEX",1996,"Priority"
640,"Mexico","Mexico","MEX",1996,"Policy"
642,"Poland","Poland","POL",2023,"Perceptions"
642,"Poland","Poland","POL",2023,"Policy"
643,"India","India","IND",2021,"Perceptions"
643,"India","India","IND",2021,"Behavior"
644,"Turkyie","Turkey","TUR",2018,"Perceptions"
645,"United States","United States","USA",1990,"Perceptions"
646,"Iran","Iran","IRN",2013,"Perceptions"
646,"Australia","Australia","AUS",2013,"Perceptions"
646,"Hong Kong","Hong Kong","HKG",2013,"Perceptions"
646,"United Kingdom","United Kingdom","GBR",2013,"Perceptions"
649,"China","China","CHN",2017,"Behavior"
651,"India","India","IND",2019,"Perceptions"
652,"Nigeria","Nigeria","NGA",2010,"Perceptions"
652,"Nigeria","Nigeria","NGA",2010,"Behavior"
654,"Sweden","Sweden","SWE",2000,"Perceptions"
656,"Malaysia","Malaysia","MYS",2018,"Perceptions"
656,"Malaysia","Malaysia","MYS",2018,"Behavior"
659,"South Africa","South Africa","ZAF",2010,"Perceptions"
659,"South Africa","South Africa","ZAF",2010,"Health"
660,"Hong Kong","Hong Kong","HKG",2007,"Policy"
661,"Malaysia","Malaysia","MYS",2015,"Perceptions"
664,"China","China","CHN",2020,"Perceptions"
664,"China","China","CHN",2020,"Health"
666,"China","China","CHN",2014,"Behavior"
667,"Portugal","Portugal","PRT",2013,"Perceptions"
667,"Portugal","Portugal","PRT",2013,"Health"
668,"Georgia","Georgia","GEO",2022,"Perceptions"
668,"Georgia","Georgia","GEO",2022,"Health"
669,"Pakistan","Pakistan","PAK",2020,"Perceptions"
669,"Pakistan","Pakistan","PAK",2020,"Behavior"
670,"Iran","Iran","IRN",2013,"Perceptions"
670,"Iran","Iran","IRN",2013,"Behavior"
671,"France","France","FRA",1999,"Perceptions"
672,"France","France","FRA",1999,"Perceptions"
675,"Pakistan","Pakistan","PAK",2011,"Perceptions"
675,"Pakistan","Pakistan","PAK",2011,"Health"
675,"Pakistan","Pakistan","PAK",2011,"Behavior"
676,"Venezuela","Venezuela","VEN",2021,"Perceptions"
676,"Venezuela","Venezuela","VEN",2021,"Health"
678,"Turkey","Turkey","TUR",2009,"Perceptions"
679,"Mexico","Mexico","MEX",1997,"Perceptions"
679,"Mexico","Mexico","MEX",1997,"Priority"
679,"Mexico","Mexico","MEX",1997,"Health"
679,"Mexico","Mexico","MEX",1997,"Behavior"
680,"Mexico","Mexico","MEX",2009,"Perceptions"
680,"Mexico","Mexico","MEX",2009,"Health"
685,"India","India","IND",2009,"Perceptions"
686,"Turkey","Turkey","TUR",2009,"Perceptions"
687,"Myanmar","Myanmar","MMR",2024,"Perceptions"
687,"Myanmar","Myanmar","MMR",2024,"Behavior"
688,"Romania","Romania","ROU",2016,"Perceptions"
688,"Romania","Romania","ROU",2016,"Behavior"
690,"China","China","CHN",2020,"Perceptions"
690,"China","China","CHN",2020,"Health"
690,"Belgium","Belgium","BEL",2020,"Perceptions"
690,"Belgium","Belgium","BEL",2020,"Health"
690,"France","France","FRA",2020,"Perceptions"
690,"France","France","FRA",2020,"Health"
692,"China","China","CHN",2021,"Perceptions"
692,"China","China","CHN",2021,"Behavior"
693,"India","India","IND",2024,"Perceptions"
693,"India","India","IND",2024,"Priority"
694,"Iran","Iran","IRN",2016,"Perceptions"
694,"Iran","Iran","IRN",2016,"Behavior"
695,"France","France","FRA",1998,"Perceptions"
695,"France","France","FRA",1998,"Policy"
695,"France","France","FRA",1998,"Health"
695,"France","France","FRA",1998,"Behavior"
699,"Malaysia","Malaysia","MYS",2020,"Perceptions"
699,"Malaysia","Malaysia","MYS",2020,"Behavior"
700,"Finland","Finland","FIN",2003,"Perceptions"
700,"Finland","Finland","FIN",2003,"Health"
701,"France","France","FRA",2000,"Perceptions"
701,"England","United Kingdom","GBR",2000,"Perceptions"
703,"Malaysia","Malaysia","MYS",2017,"Perceptions"
703,"Malaysia","Malaysia","MYS",2017,"Behavior"
