Question,Program,Years,Countries,Category
"How serious of a problem is pollution, such as the accumulation of trash or garbage, or damage to the quality of the air or water, in your community? Is it: [Read out options]",Afrobarometer,2022,Angola; Benin; Botswana; Burkina Faso; Cabo Verde; Cameroon; CongoBrazzaville; Côte d'Ivoire; Eswatini; Ethiopia; Gabon; Gambia; Ghana; Guinea; Kenya; Lesotho; Liberia; Madagascar; Malawi; Mali; Mauritania; Mauritius; Morocco; Mozambique; Namibia; Niger; Nigeria; São Tomé and Príncipe; Senegal; Seychelles; Sierra Leone; South Africa; Sudan; Tanzania; Togo; Tunisia; Uganda; Zambia; Zimbabwe,Perceptions
"Which of the following is the most important environmental issue in your community today? [Read out options. If respondent mentions more than one, ask: Which of those is the most important problem?]",Afrobarometer,2022,Angola; Benin; Botswana; Burkina Faso; Cabo Verde; Cameroon; CongoBrazzaville; Côte d'Ivoire; Eswatini; Ethiopia; Gabon; Gambia; Ghana; Guinea; Kenya; Lesotho; Liberia; Madagascar; Malawi; Mali; Mauritania; Mauritius; Morocco; Mozambique; Namibia; Niger; Nigeria; São Tomé and Príncipe; Senegal; Seychelles; Sierra Leone; South Africa; Sudan; Tanzania; Togo; Tunisia; Uganda; Zambia; Zimbabwe,Perceptions; Priority
"Which of the following are the first and second biggest environmental challenges facing your country?
[PROGRAMMER: Please allow for two answers: Q540_1 FIRST BIGGEST CHALLENGE, Q540_2 SECOND BIGGEST CHALLENGE",Arab Barometer,2021 - 2022,Algeria; Egypt; Iraq; Jordan; Kuwait; Lebanon; Libya; Mauritania; Morocco; Palestine; Sudan; Tunisia,Perceptions; Priority
"In your opinion, what are the most important problems facing this country that government should address? (air pollution as an option but looks like an open question that was recoded)",Asian Barometer Wave 5,2018,India; Australia; Myanmar; Malaysia; Vietnam; Singapore; Indonesia; Thailand; Taiwan; Philippines; Mongolia; China; South Korea; Hong Kong; Japan,Priority
"Which environmental problem, if any, in our country worries you the most?",Central Asia Barometer Wave 11,2010; 2020,"Kazakhstan; Kyrgyzstan, Tajikistan, Uzbekistan, Turkmenistan",Perceptions; Priority
"If I mention serious damage to the environment.what do you think of? Please choose four things that
come to mind from this list - Air pollution from cars",Eurobarometer 37,1992,"Belgium; Denmark; Germany; Spain, Greece; France; Ireland; Italy; Luxembourg; Netherlands; Portugal; United Kingdom",Perceptions; Priority
"Where you live, do you have very much reason, quite a lot of reason, not very much reason or no 
reason at all to complain about ... ?",Eurobarometer 37,1992,"Belgium; Denmark; Germany; Spain, Greece; France; Ireland; Italy; Luxembourg; Netherlands; Portugal; United Kingdom",Perceptions; Policy
"Now, thinking about (OUR COUNTRY), are you very worried, somewhat worried, not very worried or
not at all worried about the following problems ? - Air pollution",Eurobarometer 37,1992,"Belgium; Denmark; Germany; Spain, Greece; France; Ireland; Italy; Luxembourg; Netherlands; Portugal; United Kingdom",Perceptions
"If I mention serious damage to the environment.what do you think of? Please choose four things that
come to mind from this list - Air pollution from cars",Eurobarometer 43.1,1995,Austria; Belgium; Denmark; Germany; Greece; Spain; France; Ireland; Italy; Luxembourg; Netherlands; Portugal; Sweden; Finland; United Kingdom,Perceptions; Priority
"Where you live, do you have very much reason, quite a lot of reason, not very much reason or no 
reason at all to complain about ... ?",Eurobarometer 43.1,1995,Austria; Belgium; Denmark; Germany; Greece; Spain; France; Ireland; Italy; Luxembourg; Netherlands; Portugal; Sweden; Finland; United Kingdom,Perceptions; Policy
"Now, thinking about (OUR COUNTRY), are you very worried, somewhat worried, not very worried or
not at all worried about the following problems ? - Air pollution",Eurobarometer 43.1,1995,Austria; Belgium; Denmark; Germany; Greece; Spain; France; Ireland; Italy; Luxembourg; Netherlands; Portugal; Sweden; Finland; United Kingdom,Perceptions
"At present, are you very worried, fairly worried, not very worried or not at all worried
about the following issues? - Air, water, ground pollution",Eurobarometer 51.1,1999,Belgium; Denmark; Germany; Greece; Spain; France; Ireland; Italy; Luxembourg; Netherlands; Austria; Portugal; Finland; Sweden; United Kingdom,Perceptions
"Thinking about your country, are you very worried, somewhat worried, not very worried or not at all worried about the following issues - Air pollution",Eurobarometer 51.1,1999,Belgium; Denmark; Germany; Greece; Spain; France; Ireland; Italy; Luxembourg; Netherlands; Austria; Portugal; Finland; Sweden; United Kingdom,Perceptions
"Where you live, do you have much reason, quite a lot of reason, not very much reason, or no reason to complain about: air pollution",Eurobarometer 51.1,1999,Belgium; Denmark; Germany; Greece; Spain; France; Ireland; Italy; Luxembourg; Netherlands; Austria; Portugal; Finland; Sweden; United Kingdom,Perceptions; Policy
The following factors could affect your health in the future - air quality,Eurobarometer 51.1,1999,Belgium; Denmark; Germany; Greece; Spain; France; Ireland; Italy; Luxembourg; Netherlands; Austria; Portugal; Finland; Sweden; United Kingdom,Health
"At present, are you very worried, fairly worried, not very worried or not at all worried
about the following topics? - Air pollution",Eurobarometer 58.0,2002,Belgium; Denmark; Germany; Greece; Spain; France; Ireland; Italy; Luxembourg; Netherlands; Austria; Portugal; Finland; Sweden; United Kingdom,Perceptions
"For each of these topics, can you tell me if you feel very well, fairly well, fairly badly or very badly informed? - Air pollution",Eurobarometer 58.0,2002,Belgium; Denmark; Germany; Greece; Spain; France; Ireland; Italy; Luxembourg; Netherlands; Austria; Portugal; Finland; Sweden; United Kingdom,Perceptions
How informed do you feel about air quality problems in (OUR COUNTRY),Eurobarometer 97.2,2022,Austria; Belgium; Bulgaria; Croatia; Cyprus; Czechia; Denmark; Estonia; Finland; France; Germany; Greece; Hungary; Ireland; Italy; Latvia; Lithuania; Luxembourg; Malta; Netherlands; Poland; Portugal; Romania; Slovakia; Slovenia; Spain; Sweden,Perceptions
"Do you think that, over the last 10 years, the air quality in (OUR COUNTRY) has …?",Eurobarometer 97.2,2022,Austria; Belgium; Bulgaria; Croatia; Cyprus; Czechia; Denmark; Estonia; Finland; France; Germany; Greece; Hungary; Ireland; Italy; Latvia; Lithuania; Luxembourg; Malta; Netherlands; Poland; Portugal; Romania; Slovakia; Slovenia; Spain; Sweden,Perceptions
"Would you say that the following consequence of air pollution is a very serious problem, a fairly serious problem, not a very serious 
problem or not a serious problem at all in (OUR COUNTRY)? - Respiratory diseases (eg. Lung diseases)",Eurobarometer 97.2,2022,Austria; Belgium; Bulgaria; Croatia; Cyprus; Czechia; Denmark; Estonia; Finland; France; Germany; Greece; Hungary; Ireland; Italy; Latvia; Lithuania; Luxembourg; Malta; Netherlands; Poland; Portugal; Romania; Slovakia; Slovenia; Spain; Sweden,Perceptions; Health
"Would you say that the following consequence of air pollution is a very serious problem, a fairly serious problem, not a very serious 
problem or not a serious problem at all in (OUR COUNTRY)? - Cardiovascular diseases (heart diseases)",Eurobarometer 97.2,2022,Austria; Belgium; Bulgaria; Croatia; Cyprus; Czechia; Denmark; Estonia; Finland; France; Germany; Greece; Hungary; Ireland; Italy; Latvia; Lithuania; Luxembourg; Malta; Netherlands; Poland; Portugal; Romania; Slovakia; Slovenia; Spain; Sweden,Perceptions; Health
"Would you say that the following consequence of air pollution is a very serious problem, a fairly serious problem, not a very serious 
problem or not a serious problem at all in (OUR COUNTRY)? - asthma",Eurobarometer 97.2,2022,Austria; Belgium; Bulgaria; Croatia; Cyprus; Czechia; Denmark; Estonia; Finland; France; Germany; Greece; Hungary; Ireland; Italy; Latvia; Lithuania; Luxembourg; Malta; Netherlands; Poland; Portugal; Romania; Slovakia; Slovenia; Spain; Sweden,Perceptions; Health
"Would you say that the following consequence of air pollution is a very serious problem, a fairly serious problem, not a very serious 
problem or not a serious problem at all in (OUR COUNTRY)? - acidification (Acidification (known as acid rain, affecting forests etc.) and eutrophication (increase of organic matter in an ecosystem, such as excessive growth of algae causing fish die-offs in rivers or lakes)",Eurobarometer 97.2,2022,Austria; Belgium; Bulgaria; Croatia; Cyprus; Czechia; Denmark; Estonia; Finland; France; Germany; Greece; Hungary; Ireland; Italy; Latvia; Lithuania; Luxembourg; Malta; Netherlands; Poland; Portugal; Romania; Slovakia; Slovenia; Spain; Sweden,Perceptions
"In your opinion, which of the following are or would be the most effective ways of tackling problems of air quality",Eurobarometer 97.2,2022,Austria; Belgium; Bulgaria; Croatia; Cyprus; Czechia; Denmark; Estonia; Finland; France; Germany; Greece; Hungary; Ireland; Italy; Latvia; Lithuania; Luxembourg; Malta; Netherlands; Poland; Portugal; Romania; Slovakia; Slovenia; Spain; Sweden,Policy
"In your opinion, is each of the following currently doing too much, doing about the right amount or not doing enough to promote good 
air quality in (OUR COUNTRY)? - Households",Eurobarometer 97.2,2022,Austria; Belgium; Bulgaria; Croatia; Cyprus; Czechia; Denmark; Estonia; Finland; France; Germany; Greece; Hungary; Ireland; Italy; Latvia; Lithuania; Luxembourg; Malta; Netherlands; Poland; Portugal; Romania; Slovakia; Slovenia; Spain; Sweden,Priority
"In your opinion, is each of the following currently doing too much, doing about the right amount or not doing enough to promote good 
air quality in (OUR COUNTRY)? - Farmers",Eurobarometer 97.2,2022,Austria; Belgium; Bulgaria; Croatia; Cyprus; Czechia; Denmark; Estonia; Finland; France; Germany; Greece; Hungary; Ireland; Italy; Latvia; Lithuania; Luxembourg; Malta; Netherlands; Poland; Portugal; Romania; Slovakia; Slovenia; Spain; Sweden,Priority
"In your opinion, is each of the following currently doing too much, doing about the right amount or not doing enough to promote good 
air quality in (OUR COUNTRY)? - Fossil-fuel based energy producers",Eurobarometer 97.2,2022,Austria; Belgium; Bulgaria; Croatia; Cyprus; Czechia; Denmark; Estonia; Finland; France; Germany; Greece; Hungary; Ireland; Italy; Latvia; Lithuania; Luxembourg; Malta; Netherlands; Poland; Portugal; Romania; Slovakia; Slovenia; Spain; Sweden,Priority
"In your opinion, is each of the following currently doing too much, doing about the right amount or not doing enough to promote good 
air quality in (OUR COUNTRY)? - Large industrial installation",Eurobarometer 97.2,2022,Austria; Belgium; Bulgaria; Croatia; Cyprus; Czechia; Denmark; Estonia; Finland; France; Germany; Greece; Hungary; Ireland; Italy; Latvia; Lithuania; Luxembourg; Malta; Netherlands; Poland; Portugal; Romania; Slovakia; Slovenia; Spain; Sweden,Priority
"In your opinion, is each of the following currently doing too much, doing about the right amount or not doing enough to promote good 
air quality in (OUR COUNTRY)? - Public authorities",Eurobarometer 97.2,2022,Austria; Belgium; Bulgaria; Croatia; Cyprus; Czechia; Denmark; Estonia; Finland; France; Germany; Greece; Hungary; Ireland; Italy; Latvia; Lithuania; Luxembourg; Malta; Netherlands; Poland; Portugal; Romania; Slovakia; Slovenia; Spain; Sweden,Policy; Priority
"In your opinion, is each of the following currently doing too much, doing about the right amount or not doing enough to promote good 
air quality in (OUR COUNTRY)? - Employers (e.g. enabling more sustainable commuting such as biking, public transport, etc.",Eurobarometer 97.2,2022,Austria; Belgium; Bulgaria; Croatia; Cyprus; Czechia; Denmark; Estonia; Finland; France; Germany; Greece; Hungary; Ireland; Italy; Latvia; Lithuania; Luxembourg; Malta; Netherlands; Poland; Portugal; Romania; Slovakia; Slovenia; Spain; Sweden,Priority
"In your opinion, at what level should the issue of air pollution be addressed?",Eurobarometer 97.2,2022,Austria; Belgium; Bulgaria; Croatia; Cyprus; Czechia; Denmark; Estonia; Finland; France; Germany; Greece; Hungary; Ireland; Italy; Latvia; Lithuania; Luxembourg; Malta; Netherlands; Poland; Portugal; Romania; Slovakia; Slovenia; Spain; Sweden,Policy
"There are different ways to reduce harmful emissions into the air. In order to reduce such emissions, have you done any of the 
following in the last two years?",Eurobarometer 97.2,2022,Austria; Belgium; Bulgaria; Croatia; Cyprus; Czechia; Denmark; Estonia; Finland; France; Germany; Greece; Hungary; Ireland; Italy; Latvia; Lithuania; Luxembourg; Malta; Netherlands; Poland; Portugal; Romania; Slovakia; Slovenia; Spain; Sweden,Behavior
"The European Union has developed an extensive body of legislation which establishes health based standards and objectives for a 
number of pollutants in air, called 'EU air quality standards' - Have you heard of the EU air quality standards?",Eurobarometer 97.2,2022,Austria; Belgium; Bulgaria; Croatia; Cyprus; Czechia; Denmark; Estonia; Finland; France; Germany; Greece; Hungary; Ireland; Italy; Latvia; Lithuania; Luxembourg; Malta; Netherlands; Poland; Portugal; Romania; Slovakia; Slovenia; Spain; Sweden,Perceptions; Policy
"The existing EU air quality standards date from 2004 and 2008. They are overall not as strict as the latest recommendations by the 
World Health Organization (WHO) of 2021 on air quality - Do you believe that the existing EU air quality standards are adequate or not?",Eurobarometer 97.2,2022,Austria; Belgium; Bulgaria; Croatia; Cyprus; Czechia; Denmark; Estonia; Finland; France; Germany; Greece; Hungary; Ireland; Italy; Latvia; Lithuania; Luxembourg; Malta; Netherlands; Poland; Portugal; Romania; Slovakia; Slovenia; Spain; Sweden,Policy
"Please think about the area where you live now – I mean the immediate neighbourhood of your home. Do you have major, moderate or no problems with the following? Air quality",European Quality of Life Survey,2010; 2020,Albania; Belgium; Bulgaria; Czech; Denmark; Germany; Estonia; Ireland; Greece; Spain; France; Croatia; Italy; Cyprus; Latvia; Lithuania; Luxembourg; Hungary; Malta; Netherlands; Austria; Poland; Portugal; Romania; Slovenia; Slovakia; Finland; Sweden; United Kingdom; North Macedonia; Montenegro; Serbia; Turkey,Perceptions
"Where you live, are there reasons to complain about: air pollution",Flash Eurobarometer 123,2002,Belgium; Denmark; Germany; Greece; Spain; France; Ireland; Italy; Luxembourg; Netherlands; Austria; Portugal; Finland; Sweden; United Kingdom,Perceptions; Policy
"I will read out a list to you. Please tell me, from the following list, what threatens 
biodiversity the MOST? - pollution of air / water (seas, rivers, lakes etc.)",Flash Eurobarometer 219 and 290,2010; 2020,Portugal; Slovenia; Belgium; Malta; Spain; France; Luxembourg; United Kingdom; Ireland; Finland; Hungary; Cyprus; Greece; Austria; Netherlands; Italy; Slovakia; Sweden; Denmark; Germany; Romania; Poland; Estonia; Latvia; Bulgaria; Lithuania; Czech Republic,Perceptions; Priority
"I will read out items, please indicate for each of them if they represent a health risk for 
people: Is (INSERT THE APPROPRIATE HEALTH RISK) a very big risk, a significant risk, 
not a major risk or no risk to health? - Air pollution caused by cars",Flash Eurobarometer 239,2008,Belgium; Bulgaria; Czech Republic; Denmark; Germany; Estonia; Greece; Spain; France; Ireland; Italy; Cyprus; Latvia; Lithuania; Luxembourg; Hungary; Malta; Netherlands; Austria; Poland; Portugal; Romania; Slovenia; Slovakia; Finland; Sweden; United Kingdom,Perceptions; Health
"From the following list, please pick the five main environmental issues that you are worried 
about? - Air pollution",Flash Eurobarometer 295,2007,Belgium; Bulgaria; Czech Republic; Denmark; Germany; Estonia; Greece; Spain; France; Ireland; Italy; Cyprus; Latvia; Lithuania; Luxembourg; Hungary; Malta; Netherlands; Austria; Poland; Portugal; Romania; Slovenia; Slovakia; Finland; Sweden; United Kingdom,Perceptions; Priority
"From the following list, please tell me the five main issues about which you feel you lack 
information in particular? - Air pollution",Flash Eurobarometer 296,2007,Belgium; Bulgaria; Czech Republic; Denmark; Germany; Estonia; Greece; Spain; France; Ireland; Italy; Cyprus; Latvia; Lithuania; Luxembourg; Hungary; Malta; Netherlands; Austria; Poland; Portugal; Romania; Slovenia; Slovakia; Finland; Sweden; United Kingdom,Perceptions; Priority
How informed do you feel about air quality problems in (OUR COUNTRY),Flash Eurobarometer 360: Attitudes of Europeans towards air quality,2012,Belgium; Bulgaria; Czech; Denmark; Germany; Estonia; Greece; Spain; France; Ireland; Italy; Cyprus; Latvia; Lithuania; Luxembourg; Hungary; Malta; Netherlands; Austria; Poland; Portugal; Romania; Slovenia; Slovakia; Finland; Sweden; United Kingdom,Perceptions
"Do you think that, over the last 10 years, the air quality in (OUR COUNTRY) has …?",Flash Eurobarometer 360: Attitudes of Europeans towards air quality,2012,Belgium; Bulgaria; Czech; Denmark; Germany; Estonia; Greece; Spain; France; Ireland; Italy; Cyprus; Latvia; Lithuania; Luxembourg; Hungary; Malta; Netherlands; Austria; Poland; Portugal; Romania; Slovenia; Slovakia; Finland; Sweden; United Kingdom,Perceptions
"How much impact do you think each of the following has on air quality in (OUR COUNTRY)? Does it have a large impact, a moderate impact, a little impact or no impact at all? - Residential energy use (e.g. coal and wood for heating of individual households)",Flash Eurobarometer 360: Attitudes of Europeans towards air quality,2012,Belgium; Bulgaria; Czech; Denmark; Germany; Estonia; Greece; Spain; France; Ireland; Italy; Cyprus; Latvia; Lithuania; Luxembourg; Hungary; Malta; Netherlands; Austria; Poland; Portugal; Romania; Slovenia; Slovakia; Finland; Sweden; United Kingdom,Perceptions
"How much impact do you think each of the following has on air quality in (OUR COUNTRY)? Does it have a large impact, a moderate impact, a little impact or no impact at all? - Agriculture – emissions from farms, fertilizers and burning of agricultural waste",Flash Eurobarometer 360: Attitudes of Europeans towards air quality,2012,Belgium; Bulgaria; Czech; Denmark; Germany; Estonia; Greece; Spain; France; Ireland; Italy; Cyprus; Latvia; Lithuania; Luxembourg; Hungary; Malta; Netherlands; Austria; Poland; Portugal; Romania; Slovenia; Slovakia; Finland; Sweden; United Kingdom,Perceptions
"How much impact do you think each of the following has on air quality in (OUR COUNTRY)? Does it have a large impact, a moderate impact, a little impact or no impact at all? - Emissions from cars and trucks",Flash Eurobarometer 360: Attitudes of Europeans towards air quality,2012,Belgium; Bulgaria; Czech; Denmark; Germany; Estonia; Greece; Spain; France; Ireland; Italy; Cyprus; Latvia; Lithuania; Luxembourg; Hungary; Malta; Netherlands; Austria; Poland; Portugal; Romania; Slovenia; Slovakia; Finland; Sweden; United Kingdom,Perceptions
"How much impact do you think each of the following has on air quality in (OUR COUNTRY)? Does it have a large impact, a moderate impact, a little impact or no impact at all? - emissions from international transport (e.g. ships and airplanes)",Flash Eurobarometer 360: Attitudes of Europeans towards air quality,2012,Belgium; Bulgaria; Czech; Denmark; Germany; Estonia; Greece; Spain; France; Ireland; Italy; Cyprus; Latvia; Lithuania; Luxembourg; Hungary; Malta; Netherlands; Austria; Poland; Portugal; Romania; Slovenia; Slovakia; Finland; Sweden; United Kingdom,Perceptions
"How much impact do you think each of the following has on air quality in (OUR COUNTRY)? Does it have a large impact, a moderate impact, a little impact or no impact at all? - Emissions from industrial production (steel, cement, pulp and paper etc) and from fossil fuel power stations",Flash Eurobarometer 360: Attitudes of Europeans towards air quality,2012,Belgium; Bulgaria; Czech; Denmark; Germany; Estonia; Greece; Spain; France; Ireland; Italy; Cyprus; Latvia; Lithuania; Luxembourg; Hungary; Malta; Netherlands; Austria; Poland; Portugal; Romania; Slovenia; Slovakia; Finland; Sweden; United Kingdom,Perceptions
Which of the following do you believe are the main threats to air quality in (OUR COUNTRY)? (MAX 3 ANSWERS),Flash Eurobarometer 360: Attitudes of Europeans towards air quality,2012,Belgium; Bulgaria; Czech; Denmark; Germany; Estonia; Greece; Spain; France; Ireland; Italy; Cyprus; Latvia; Lithuania; Luxembourg; Hungary; Malta; Netherlands; Austria; Poland; Portugal; Romania; Slovenia; Slovakia; Finland; Sweden; United Kingdom,Perceptions
"Which of the following car fuel systems do you consider the most environmentally friendly 
from an air quality perspective? Firstly?",Flash Eurobarometer 360: Attitudes of Europeans towards air quality,2012,Belgium; Bulgaria; Czech; Denmark; Germany; Estonia; Greece; Spain; France; Ireland; Italy; Cyprus; Latvia; Lithuania; Luxembourg; Hungary; Malta; Netherlands; Austria; Poland; Portugal; Romania; Slovenia; Slovakia; Finland; Sweden; United Kingdom,Perceptions
And then?,Flash Eurobarometer 360: Attitudes of Europeans towards air quality,2012,Belgium; Bulgaria; Czech; Denmark; Germany; Estonia; Greece; Spain; France; Ireland; Italy; Cyprus; Latvia; Lithuania; Luxembourg; Hungary; Malta; Netherlands; Austria; Poland; Portugal; Romania; Slovenia; Slovakia; Finland; Sweden; United Kingdom,Perceptions
"Which of the following energy systems for heating of households do you consider the most 
environmentally friendly from an air quality perspective? Firstly?",Flash Eurobarometer 360: Attitudes of Europeans towards air quality,2012,Belgium; Bulgaria; Czech; Denmark; Germany; Estonia; Greece; Spain; France; Ireland; Italy; Cyprus; Latvia; Lithuania; Luxembourg; Hungary; Malta; Netherlands; Austria; Poland; Portugal; Romania; Slovenia; Slovakia; Finland; Sweden; United Kingdom,Perceptions
And then?,Flash Eurobarometer 360: Attitudes of Europeans towards air quality,2012,Belgium; Bulgaria; Czech; Denmark; Germany; Estonia; Greece; Spain; France; Ireland; Italy; Cyprus; Latvia; Lithuania; Luxembourg; Hungary; Malta; Netherlands; Austria; Poland; Portugal; Romania; Slovenia; Slovakia; Finland; Sweden; United Kingdom,Perceptions
"There are different ways to reduce harmful emissions to air. In order to reduce these problems 
have you done any of the following in the last two years",Flash Eurobarometer 360: Attitudes of Europeans towards air quality,2012,Belgium; Bulgaria; Czech; Denmark; Germany; Estonia; Greece; Spain; France; Ireland; Italy; Cyprus; Latvia; Lithuania; Luxembourg; Hungary; Malta; Netherlands; Austria; Poland; Portugal; Romania; Slovenia; Slovakia; Finland; Sweden; United Kingdom,Behavior
"In your opinion, which of the following would be the most effective ways of tackling air-related 
problems? ( MAX 3 ANSWERS)",Flash Eurobarometer 360: Attitudes of Europeans towards air quality,2012,Belgium; Bulgaria; Czech; Denmark; Germany; Estonia; Greece; Spain; France; Ireland; Italy; Cyprus; Latvia; Lithuania; Luxembourg; Hungary; Malta; Netherlands; Austria; Poland; Portugal; Romania; Slovenia; Slovakia; Finland; Sweden; United Kingdom,Policy
"In your opinion, is each of the following currently doing too much, doing about the right 
amount or not doing enough to promote good air quality in (OUR COUNTRY)? - households",Flash Eurobarometer 360: Attitudes of Europeans towards air quality,2012,Belgium; Bulgaria; Czech; Denmark; Germany; Estonia; Greece; Spain; France; Ireland; Italy; Cyprus; Latvia; Lithuania; Luxembourg; Hungary; Malta; Netherlands; Austria; Poland; Portugal; Romania; Slovenia; Slovakia; Finland; Sweden; United Kingdom,Priority
"In your opinion, is each of the following currently doing too much, doing about the right 
amount or not doing enough to promote good air quality in (OUR COUNTRY)? - farmers",Flash Eurobarometer 360: Attitudes of Europeans towards air quality,2012,Belgium; Bulgaria; Czech; Denmark; Germany; Estonia; Greece; Spain; France; Ireland; Italy; Cyprus; Latvia; Lithuania; Luxembourg; Hungary; Malta; Netherlands; Austria; Poland; Portugal; Romania; Slovenia; Slovakia; Finland; Sweden; United Kingdom,Priority
"In your opinion, is each of the following currently doing too much, doing about the right 
amount or not doing enough to promote good air quality in (OUR COUNTRY)? - energy producers",Flash Eurobarometer 360: Attitudes of Europeans towards air quality,2012,Belgium; Bulgaria; Czech; Denmark; Germany; Estonia; Greece; Spain; France; Ireland; Italy; Cyprus; Latvia; Lithuania; Luxembourg; Hungary; Malta; Netherlands; Austria; Poland; Portugal; Romania; Slovenia; Slovakia; Finland; Sweden; United Kingdom,Priority
"In your opinion, is each of the following currently doing too much, doing about the right 
amount or not doing enough to promote good air quality in (OUR COUNTRY)? - car manufacturers",Flash Eurobarometer 360: Attitudes of Europeans towards air quality,2012,Belgium; Bulgaria; Czech; Denmark; Germany; Estonia; Greece; Spain; France; Ireland; Italy; Cyprus; Latvia; Lithuania; Luxembourg; Hungary; Malta; Netherlands; Austria; Poland; Portugal; Romania; Slovenia; Slovakia; Finland; Sweden; United Kingdom,Priority
"In your opinion, is each of the following currently doing too much, doing about the right 
amount or not doing enough to promote good air quality in (OUR COUNTRY)? - public authorities",Flash Eurobarometer 360: Attitudes of Europeans towards air quality,2012,Belgium; Bulgaria; Czech; Denmark; Germany; Estonia; Greece; Spain; France; Ireland; Italy; Cyprus; Latvia; Lithuania; Luxembourg; Hungary; Malta; Netherlands; Austria; Poland; Portugal; Romania; Slovenia; Slovakia; Finland; Sweden; United Kingdom,Policy; Priority
"Do you agree with the ""Polluters Pays Principle""?",Flash Eurobarometer 360: Attitudes of Europeans towards air quality,2012,Belgium; Bulgaria; Czech; Denmark; Germany; Estonia; Greece; Spain; France; Ireland; Italy; Cyprus; Latvia; Lithuania; Luxembourg; Hungary; Malta; Netherlands; Austria; Poland; Portugal; Romania; Slovenia; Slovakia; Finland; Sweden; United Kingdom,Policy
"In your opinion, how can air pollution challenges be best addressed?",Flash Eurobarometer 360: Attitudes of Europeans towards air quality,2012,Belgium; Bulgaria; Czech; Denmark; Germany; Estonia; Greece; Spain; France; Ireland; Italy; Cyprus; Latvia; Lithuania; Luxembourg; Hungary; Malta; Netherlands; Austria; Poland; Portugal; Romania; Slovenia; Slovakia; Finland; Sweden; United Kingdom,Policy
"Do you think the EU should propose additional measures to address air quality-related 
problems in Europe?",Flash Eurobarometer 360: Attitudes of Europeans towards air quality,2012,Belgium; Bulgaria; Czech; Denmark; Germany; Estonia; Greece; Spain; France; Ireland; Italy; Cyprus; Latvia; Lithuania; Luxembourg; Hungary; Malta; Netherlands; Austria; Poland; Portugal; Romania; Slovenia; Slovakia; Finland; Sweden; United Kingdom,Policy
"The EU is analysing the current EU air quality policy with a view to publish a new Strategy – a 
Thematic Strategy on Air Pollution – before the end of 2013. Are you aware of this?",Flash Eurobarometer 360: Attitudes of Europeans towards air quality,2012,Belgium; Bulgaria; Czech; Denmark; Germany; Estonia; Greece; Spain; France; Ireland; Italy; Cyprus; Latvia; Lithuania; Luxembourg; Hungary; Malta; Netherlands; Austria; Poland; Portugal; Romania; Slovenia; Slovakia; Finland; Sweden; United Kingdom,Policy
What do you think should be the main priorities of this new strategy?,Flash Eurobarometer 360: Attitudes of Europeans towards air quality,2012,Belgium; Bulgaria; Czech; Denmark; Germany; Estonia; Greece; Spain; France; Ireland; Italy; Cyprus; Latvia; Lithuania; Luxembourg; Hungary; Malta; Netherlands; Austria; Poland; Portugal; Romania; Slovenia; Slovakia; Finland; Sweden; United Kingdom,Policy; Priority
"The European Union has developed an extensive body of legislation which establishes health 
based standards and objectives for a number of pollutants in air, called ‘EU air quality 
standards’ - Have you heard of the EU air quality standards",Flash Eurobarometer 360: Attitudes of Europeans towards air quality,2012,Belgium; Bulgaria; Czech; Denmark; Germany; Estonia; Greece; Spain; France; Ireland; Italy; Cyprus; Latvia; Lithuania; Luxembourg; Hungary; Malta; Netherlands; Austria; Poland; Portugal; Romania; Slovenia; Slovakia; Finland; Sweden; United Kingdom,Perceptions; Policy
Do you believe that the existing EU air quality standards are adequate or not,Flash Eurobarometer 360: Attitudes of Europeans towards air quality,2012,Belgium; Bulgaria; Czech; Denmark; Germany; Estonia; Greece; Spain; France; Ireland; Italy; Cyprus; Latvia; Lithuania; Luxembourg; Hungary; Malta; Netherlands; Austria; Poland; Portugal; Romania; Slovenia; Slovakia; Finland; Sweden; United Kingdom,Policy
"The ‘National Emission Ceilings’ Directive of the European Parliament and the Conucil set 
ceilings for the total emissions from each country of the main air pollutants (e.g.: sulphur 
dioxide, nitrogen oxides, ammonia and volatile organic compounds). - Have you heard of National Emission Ceilings directive?",Flash Eurobarometer 360: Attitudes of Europeans towards air quality,2012,Belgium; Bulgaria; Czech; Denmark; Germany; Estonia; Greece; Spain; France; Ireland; Italy; Cyprus; Latvia; Lithuania; Luxembourg; Hungary; Malta; Netherlands; Austria; Poland; Portugal; Romania; Slovenia; Slovakia; Finland; Sweden; United Kingdom,Perceptions; Policy
Here is a list of some different environmental problems. Which problem; if any; do you think is the most important for [COUNTRY] as a whole?,ISSP,2010; 2020,Austria; Australia; Switzerland; China; Germany; Denmark; Spain; Finland; France; Croatia; Hungary; India; Iceland; Italy; Japan; South Korea; Lithuania; Norway; New Zealand; Philliphines; Russian Federation; Sweden; Slovenia; Slovakia; Thailand; Taiwan; United States; South Africa,Perceptions; Priority
"In general, do you think that air pollution caused by cars is …",ISSP,2010; 2020,Austria; Australia; Switzerland; China; Germany; Denmark; Spain; Finland; France; Croatia; Hungary; India; Iceland; Italy; Japan; South Korea; Lithuania; Norway; New Zealand; Philliphines; Russian Federation; Sweden; Slovenia; Slovakia; Thailand; Taiwan; United States; South Africa,Perceptions
"In general, do you think that air pollution caused by industry is …",ISSP,2010; 2020,Austria; Australia; Switzerland; China; Germany; Denmark; Spain; Finland; France; Croatia; Hungary; India; Iceland; Italy; Japan; South Korea; Lithuania; Norway; New Zealand; Philliphines; Russian Federation; Sweden; Slovenia; Slovakia; Thailand; Taiwan; United States; South Africa,Perceptions
"Thinking about your neighbourhood, to what extent, if at all, was it affected by the following things over the last twelve months? a. Air Pollution",ISSP,2020,Austria; Australia; Switzerland; China; Germany; Denmark; Spain; Finland; France; Croatia; Hungary; India; Iceland; Italy; Japan; South Korea; Lithuania; Norway; New Zealand; Philliphines; Russian Federation; Sweden; Slovenia; Slovakia; Thailand; Taiwan; United States; South Africa,Perceptions
"From the following list, please pick the environmental issue which you consider the most important....air pollution",Parlemeter_92.2 (Eurobarometer),2019,Belgium; Bulgaria; Czech Republic; Denmark; Germany; Estonia; Ireland; Greece; Spain; France; Croatia; Italy; Cyprus; Latvia; Lithuania; Luxembourg; Hungary; Montenegro; Netherlands; Austria; Poland; Portugal; Romania; Slovenia; Slovakia; Finland; Sweden; United Kingdom,Perceptions; Priority
"Now I am going to read you a list of things that may be problems in our country. As I read each one, please tell me if you think it is a very big problem, a moderately big problem, a small problem or not a problem at all...Air pollution",Pew Global Attitudes & Trends,2010; 2020,China,Perceptions; Priority
We should reduce air pollution even if it means slower economic growth / Air pollution is the price we have to pay for continued economic growth,Pew Global Attitudes & Trends,2016,China; India,Priority
We should reduce air pollution even if it means slower economic growth / Air pollution is the price we have to pay for continued economic growth,Pew Global Attitudes & Trends,2021,United States,Priority
"Now I am going to read you a list of things that may be problems in our country. As I read each one, please tell me if you think it is a very big problem, a moderately big problem, a small problem or not a problem at all...Air pollution",Pew Global Attitudes & Trends 2,2010; 2020,India,Perceptions; Priority
"Now I am going to read you a list of things that may be problems in our country. As I read each one, please tell me if you think it is a very big problem, a moderately big problem, a small problem or not a problem at all...Air pollution",Pew Global Attitudes & Trends Spring 2014,2014,Argentina; Bangladesh; Brazil; Chile; Colombia; Egypt; El Salvador; Ghana; Indonesia; Jordan; Kenya; Lebanon; Malaysia; Mexico; Nicaragua; Nigeria; Pakistan; Palestine; Peru; Phillipines; Poland; Russia; South Africa; Senegal; Tanzania; Thailand; Tunisia; Turkey; Uganda; Ukraine; Venezuela; Vietnam; India; China,Perceptions; Priority
We should reduce air pollution even if it means slower economic growth / Air pollution is the price we have to pay for continued economic growth,Pew Global Attitudes & Trends Summer 2020,2020,Australia; Belgium; Britain; Canada; Denmark; France; Germany; Italy; Japan; Netherlands; South Korea; Spain; Sweden; United States,Priority
"Which statement comes closer to your own views, even if neither is exactly right? We should reduce air pollution even if it means slower economic growth, Air pollution is the price we have to pay for continued economic growth",Pew Global Attitudes & Trends: Spring 2021 Survey,2010; 2020,Australia; Belgium; United Kingdom; Canada; China; Denmark; France; Germany; India; Italy; Japan; Netherlands; South Korea; Spain; Sweden; United States,Priority
"I'd like you to think about some possible environmental problems. Do you think ____ is 
a big problem, a moderate problem, a small problem or not a problem in (survey public)? a. air pollution",Pew Research Center: October 2019 International Science Survey,2019,Australia; Brazil; Canada; Czech Republic; France; Germany; India; Italy; Japan; Malaysia; Natherlands; Poland; Russian Federation; Singapore; South Korea; Spain; Sweden; Taiwan; China; United Kingdom; United States,Perceptions
"From the following list, please pick the five main environmental issues that you are worried about - Air pollution",SPECIAL EUROBAROMETER 365,2004,Belgium; Denmark; Germany; Greece; Spain; France; Ireland; Italy; Luxembourg; Netherlands; Austria; Portugal; Finland; Sweden; United Kingdom; Cyprus; Czech Republic; Estonia; Hungary; Latvia; Lithuania; Malta; Poland; Slovakia; Slovenia,Perceptions; Priority
"From the following list, please tell me the five main issues about which you feel you lack information in particular - Air pollution",SPECIAL EUROBAROMETER 365,2004,Belgium; Denmark; Germany; Greece; Spain; France; Ireland; Italy; Luxembourg; Netherlands; Austria; Portugal; Finland; Sweden; United Kingdom; Cyprus; Czech Republic; Estonia; Hungary; Latvia; Lithuania; Malta; Poland; Slovakia; Slovenia,Perceptions; Priority
"From the following list, please pick the five main environmental issues that you are worried about - Air pollution",SPECIAL EUROBAROMETER 365,2011,Belgium; Bulgaria; Czech Republic; Denmark; Germany; Estonia; Ireland; Greece; Spain; France; Italy; Cyprus; Latvia; Lithuania; Luxembourg; Hungary; Malta; Montenegro; Netherlands; Austria; Poland; Portugal; Romania; Slovenia; Slovakia; Finland; Sweden; United Kingdom,Perceptions; Priority
"From the following list, please tell me the five main issues about which you feel you lack information in particular - Air pollution",SPECIAL EUROBAROMETER 365,2011,Belgium; Bulgaria; Czech Republic; Denmark; Germany; Estonia; Ireland; Greece; Spain; France; Italy; Cyprus; Latvia; Lithuania; Luxembourg; Hungary; Malta; Montenegro; Netherlands; Austria; Poland; Portugal; Romania; Slovenia; Slovakia; Finland; Sweden; United Kingdom,Perceptions; Priority
Please tell me to what extent you think each of the following affects your health. (M) - the quality of the air outdoors / the quality of the air indoors,Special Eurobarometer 272a and 347,2010; 2020,Belgium; Bulgaria; Czech Republic; Denmark; Germany; Estonia; Ireland; Greece; Spain; France; Italy; Cyprus; Latvia; Lithuania; Luxembourg; Hungary; Malta; Montenegro; Netherlands; Austria; Poland; Portugal; Romania; Slovenia; Slovakia; Finland; Sweden; United Kingdom,Health
Why do you think you would not benefit from the use of CCS technology in your region? - There would be a risk of air pollution,Special Eurobarometer 364,2011,Bulgaria; Czech Replublic; Germany; Greece; Spain; France; Italy; Netherlands; Poland; Romania; Finland; United Kingdom,Perceptions
Why do you think that you would benefit from the use of CCS technology in your region? - It would improve the quality of the air,Special Eurobarometer 364,2011,Bulgaria; Czech Replublic; Germany; Greece; Spain; France; Italy; Netherlands; Poland; Romania; Finland; United Kingdom,Perceptions
"From the following list, please pick the five environmental issues you are most worried about....air pollution",Special Eurobarometer 416,2014,Belgium; Bulgaria; Czech Republic; Denmark; Germany; Estonia; Ireland; Greece; Spain; France; Croatia; Italy; Cyprus; Latvia; Lithuania; Luxembourg; Hungary; Montenegro; Netherlands; Austria; Poland; Portugal; Romania; Slovenia; Slovakia; Finland; Sweden; United Kingdom,Perceptions; Priority
"From the following list, please pick the five environmental issues you most particularly lack information....air pollution",Special Eurobarometer 416,2014,Belgium; Bulgaria; Czech Republic; Denmark; Germany; Estonia; Ireland; Greece; Spain; France; Croatia; Italy; Cyprus; Latvia; Lithuania; Luxembourg; Hungary; Montenegro; Netherlands; Austria; Poland; Portugal; Romania; Slovenia; Slovakia; Finland; Sweden; United Kingdom,Perceptions; Priority
Which of the following do you think are the problem affecting roads in (OUR COUNTRY)?...air pollution,Special Eurobarometer 422a,2014,Belgium; Bulgaria; Czech Republic; Denmark; Germany; Estonia; Ireland; Greece; Spain; France; Croatia; Italy; Cyprus; Latvia; Lithuania; Luxembourg; Hungary; Montenegro; Netherlands; Austria; Poland; Portugal; Romania; Slovenia; Slovakia; Finland; Sweden; United Kingdom,Priority
Which of the following do you think are the problem affecting air transport in (OUR COUNTRY)?...air pollution,Special Eurobarometer 422a,2014,Belgium; Bulgaria; Czech Republic; Denmark; Germany; Estonia; Ireland; Greece; Spain; France; Croatia; Italy; Cyprus; Latvia; Lithuania; Luxembourg; Hungary; Montenegro; Netherlands; Austria; Poland; Portugal; Romania; Slovenia; Slovakia; Finland; Sweden; United Kingdom,Priority
Are any of the following a significant problem in the area where you live?...air pollution,Special Eurobarometer 444,2015,Belgium; Bulgaria; Czech Republic; Denmark; Germany; Estonia; Ireland; Greece; Spain; France; Croatia; Italy; Cyprus; Latvia; Lithuania; Luxembourg; Hungary; Montenegro; Netherlands; Austria; Poland; Portugal; Romania; Slovenia; Slovakia; Finland; Sweden; United Kingdom,Perceptions
"From the following list, please pick the environmental issue which you consider the most important....air pollution",Special Eurobarometer 468,2017,Belgium; Bulgaria; Czech Republic; Denmark; Germany; Estonia; Ireland; Greece; Spain; France; Croatia; Italy; Cyprus; Latvia; Lithuania; Luxembourg; Hungary; Montenegro; Netherlands; Austria; Poland; Portugal; Romania; Slovenia; Slovakia; Finland; Sweden; United Kingdom,Priority
"Do you think that, over the last 10 years, the air quality in (OUR COUNTRY) has...Improved/Stayed the same/Deteriorated",Special Eurobarometer 468,2017,Belgium; Bulgaria; Czech Republic; Denmark; Germany; Estonia; Ireland; Greece; Spain; France; Croatia; Italy; Cyprus; Latvia; Lithuania; Luxembourg; Hungary; Montenegro; Netherlands; Austria; Poland; Portugal; Romania; Slovenia; Slovakia; Finland; Sweden; United Kingdom,Perceptions
"In your opinion, which of the following are or would be the most effective ways of tackling problems of air quality?",Special Eurobarometer 468,2017,Belgium; Bulgaria; Czech Republic; Denmark; Germany; Estonia; Ireland; Greece; Spain; France; Croatia; Italy; Cyprus; Latvia; Lithuania; Luxembourg; Hungary; Montenegro; Netherlands; Austria; Poland; Portugal; Romania; Slovenia; Slovakia; Finland; Sweden; United Kingdom,Policy
There are different ways to reduce harmful emissions into the air. In order to reduce these have you done any of the following in the last two years?,Special Eurobarometer 468,2017,Belgium; Bulgaria; Czech Republic; Denmark; Germany; Estonia; Ireland; Greece; Spain; France; Croatia; Italy; Cyprus; Latvia; Lithuania; Luxembourg; Hungary; Montenegro; Netherlands; Austria; Poland; Portugal; Romania; Slovenia; Slovakia; Finland; Sweden; United Kingdom,Behavior
"In your opinion, at what levels should the issue of air pollution be addressed?",Special Eurobarometer 468,2017,Belgium; Bulgaria; Czech Republic; Denmark; Germany; Estonia; Ireland; Greece; Spain; France; Croatia; Italy; Cyprus; Latvia; Lithuania; Luxembourg; Hungary; Montenegro; Netherlands; Austria; Poland; Portugal; Romania; Slovenia; Slovakia; Finland; Sweden; United Kingdom,Policy
How informed do you feel about air quality problems in (OUR COUNTRY)? Not informed at all/Very well informed,Special Eurobarometer 497,2019,Belgium; Bulgaria; Czech Republic; Denmark; Germany; Estonia; Ireland; Greece; Spain; France; Croatia; Italy; Cyprus; Latvia; Lithuania; Luxembourg; Hungary; Montenegro; Netherlands; Austria; Poland; Portugal; Romania; Slovenia; Slovakia; Finland; Sweden; United Kingdom,Perceptions
"Do you think that, over the last 10 years, the air quality in (OUR COUNTRY) has...Improved/Stayed the same/Deteriorated",Special Eurobarometer 497,2019,Belgium; Bulgaria; Czech Republic; Denmark; Germany; Estonia; Ireland; Greece; Spain; France; Croatia; Italy; Cyprus; Latvia; Lithuania; Luxembourg; Hungary; Montenegro; Netherlands; Austria; Poland; Portugal; Romania; Slovenia; Slovakia; Finland; Sweden; United Kingdom,Perceptions
"Would you say that the following is a very serious problem, a fairly serious problem, not a very serious problem or not a serious problem at all in (OUR COUNTRY)?",Special Eurobarometer 497,2019,Belgium; Bulgaria; Czech Republic; Denmark; Germany; Estonia; Ireland; Greece; Spain; France; Croatia; Italy; Cyprus; Latvia; Lithuania; Luxembourg; Hungary; Montenegro; Netherlands; Austria; Poland; Portugal; Romania; Slovenia; Slovakia; Finland; Sweden; United Kingdom,Priority
"In your opinion, which of the following are or would be the most effective ways of tackling problems of air quality?",Special Eurobarometer 497,2019,Belgium; Bulgaria; Czech Republic; Denmark; Germany; Estonia; Ireland; Greece; Spain; France; Croatia; Italy; Cyprus; Latvia; Lithuania; Luxembourg; Hungary; Montenegro; Netherlands; Austria; Poland; Portugal; Romania; Slovenia; Slovakia; Finland; Sweden; United Kingdom,Policy
"In your opinion, is each of the following currently doing too much, doing about the right amount or not doing enough to promote good air quality in (OUR COUNTRY)?...Households (%) Doing too much/Not doing enough",Special Eurobarometer 497,2019,Belgium; Bulgaria; Czech Republic; Denmark; Germany; Estonia; Ireland; Greece; Spain; France; Croatia; Italy; Cyprus; Latvia; Lithuania; Luxembourg; Hungary; Montenegro; Netherlands; Austria; Poland; Portugal; Romania; Slovenia; Slovakia; Finland; Sweden,Priority
"In your opinion, is each of the following currently doing too much, doing about the right amount or not doing enough to promote good air quality in (OUR COUNTRY)?...Farmers (%) Doing too much/Not doing enough",Special Eurobarometer 497,2019,Belgium; Bulgaria; Czech Republic; Denmark; Germany; Estonia; Ireland; Greece; Spain; France; Croatia; Italy; Cyprus; Latvia; Lithuania; Luxembourg; Hungary; Montenegro; Netherlands; Austria; Poland; Portugal; Romania; Slovenia; Slovakia; Finland; Sweden,Priority
"In your opinion, is each of the following currently doing too much, doing about the right amount or not doing enough to promote good air quality in (OUR COUNTRY)?...Energy producers (%) Doing too much/Not doing enough",Special Eurobarometer 497,2019,Belgium; Bulgaria; Czech Republic; Denmark; Germany; Estonia; Ireland; Greece; Spain; France; Croatia; Italy; Cyprus; Latvia; Lithuania; Luxembourg; Hungary; Montenegro; Netherlands; Austria; Poland; Portugal; Romania; Slovenia; Slovakia; Finland; Sweden,Priority
"In your opinion, is each of the following currently doing too much, doing about the right amount or not doing enough to promote good air quality in (OUR COUNTRY)?...Car manufacturers (%) Doing too much/Not doing enough",Special Eurobarometer 497,2019,Belgium; Bulgaria; Czech Republic; Denmark; Germany; Estonia; Ireland; Greece; Spain; France; Croatia; Italy; Cyprus; Latvia; Lithuania; Luxembourg; Hungary; Montenegro; Netherlands; Austria; Poland; Portugal; Romania; Slovenia; Slovakia; Finland; Sweden,Priority
"In your opinion, is each of the following currently doing too much, doing about the right amount or not doing enough to promote good air quality in (OUR COUNTRY)?...Public authorities (%) Doing too much/Not doing enough",Special Eurobarometer 497,2019,Belgium; Bulgaria; Czech Republic; Denmark; Germany; Estonia; Ireland; Greece; Spain; France; Croatia; Italy; Cyprus; Latvia; Lithuania; Luxembourg; Hungary; Montenegro; Netherlands; Austria; Poland; Portugal; Romania; Slovenia; Slovakia; Finland; Sweden,Policy; Priority
"In your opinion, at what levels should the issue of air pollution be addressed?",Special Eurobarometer 497,2019,Belgium; Bulgaria; Czech Republic; Denmark; Germany; Estonia; Ireland; Greece; Spain; France; Croatia; Italy; Cyprus; Latvia; Lithuania; Luxembourg; Hungary; Montenegro; Netherlands; Austria; Poland; Portugal; Romania; Slovenia; Slovakia; Finland; Sweden; United Kingdom,Policy
There are different ways to reduce harmful emissions into the air. In order to reduce these have you done any of the following in the last two years?,Special Eurobarometer 497,2019,Belgium; Bulgaria; Czech Republic; Denmark; Germany; Estonia; Ireland; Greece; Spain; France; Croatia; Italy; Cyprus; Latvia; Lithuania; Luxembourg; Hungary; Montenegro; Netherlands; Austria; Poland; Portugal; Romania; Slovenia; Slovakia; Finland; Sweden; United Kingdom,Behavior
Do you think the EU should propose additional measures to address air quality-related problems in Europe?,Special Eurobarometer 497,2019,Belgium; Bulgaria; Czech Republic; Denmark; Germany; Estonia; Ireland; Greece; Spain; France; Croatia; Italy; Cyprus; Latvia; Lithuania; Luxembourg; Hungary; Montenegro; Netherlands; Austria; Poland; Portugal; Romania; Slovenia; Slovakia; Finland; Sweden; United Kingdom,Policy
Have you heard of the EU air quality standards?,Special Eurobarometer 497,2019,Belgium; Bulgaria; Czech Republic; Denmark; Germany; Estonia; Ireland; Greece; Spain; France; Croatia; Italy; Cyprus; Latvia; Lithuania; Luxembourg; Hungary; Montenegro; Netherlands; Austria; Poland; Portugal; Romania; Slovenia; Slovakia; Finland; Sweden; United Kingdom,Perceptions
Do you believe that the existing EU air quality standards are adequate or not ?,Special Eurobarometer 497,2019,Belgium; Bulgaria; Czech Republic; Denmark; Germany; Estonia; Ireland; Greece; Spain; France; Croatia; Italy; Cyprus; Latvia; Lithuania; Luxembourg; Hungary; Montenegro; Netherlands; Austria; Poland; Portugal; Romania; Slovenia; Slovakia; Finland; Sweden; United Kingdom,Policy
"In the city or area where you live, are you satisfied or dissatisfied with the quality of the following: the quality of air",World Value Survey,2017 - 2021,Andorra; Argentina; Australia; Armenia; Bangladesh; Bolivia; Brazil; Canada; Chile; China; Colombia; Cyprus; Czech; Ecuador; Egypt; Ethiopia; Germany; Greece; United Kingdom; Guatemala; Hong Kong; India; Indonesia; Iran; Iraq; Japan; Jordan; Kazakhstan; Kenya; Kyrgysztan; Lebanon; Libya; Macau; Malaysia; Maldives; Mexico; Mongolia; Morocco; Myanmar; Netherlands; New Zealand; Nicaragua; Nigeria; Northern Ireland; Pakistan; Peru; Phillippines; Puerto Rico; Romania; Russia Federation; Serbia; Singapore; Slovakia; South Korea; Taiwan; Tajikistan; Thailand; Tunisia; Turkey; Ukraine; United States; Uruguah; Uzbekistan; Venezuela; Vietnam; Zimbabwe,Perceptions
